Datum,Uhrzeit,Produkt,ISIN,Referenzbörse,Ausführungsort,Anzahl,Kurs,,Wert in Lokalwährung,,Wert CHF,Wechselkurs,AutoFX-Gebühr,Transaktionsgebühren und/oder Fremdkosten,Gesamt CHF,Order-ID,
01-12-2025,13:43,WISDOMTREE PHYSICAL BITCOIN SECURITIES ETP,GB00BJYDH287,TDG,XGAT,122,17.5559,EUR,-2141.82,EUR,-1997.69,1.0721,-4.99,-0.94,-1998.63,,af04cc45-fa82-4138-9364-be731ab53e27
02-11-2025,23:59,ELECTRO OPTIC SYSTEMS HOLDINGS LTD,AU000000EOS8,ASX,ASXT,-1359,6.3000,AUD,8561.70,AUD,4508.74,1.8989,-11.27,-5.58,4503.16,,2db851d1-432c-42db-83a8-65995c7c7994
30-10-2025,09:27,META PLATFORMS INC CLASS A,US30303M1027,XET,MESI,16,602.0000,EUR,-9632.00,EUR,-8940.48,1.0773,-22.35,-4.56,-8945.04,,92efac92-b8c5-445c-846c-fbacb1748bad
30-10-2025,09:25,NOVO NORDISK A/S CLASS B,DK0062498333,TDG,XGAT,-113,44.3350,EUR,5009.86,EUR,4650.18,1.0773,-11.63,-3.63,4646.55,,d8970027-8c5d-47fe-8193-b823b6a8f509
10-10-2025,20:49,ADVANCED MICRO DEVICES INC,US0079031078,NDQ,SOHO,28,218.9750,USD,-6131.30,USD,-4913.73,1.2478,-12.28,-1.87,-4915.60,,28c6fe22-f1ee-46d5-b3cb-3fe25fe7dc9e
29-07-2025,14:06,NOVO NORDISK A/S CLASS B,DK0062498333,TDG,XGAT,113,47.3600,EUR,-5351.68,EUR,-4979.77,1.0747,-12.45,-3.64,-4983.41,,f555b40a-f57d-4af2-a518-769c94d04b62
25-07-2025,15:04,META PLATFORMS INC CLASS A,US30303M1027,XET,"MESI, XETB",17,611.9000,EUR,-10402.30,EUR,-9721.61,1.0700,-24.30,-4.59,-9726.20,,da49e99d-ed2d-4c76-bf02-9ce2de77513d
25-07-2025,15:00,META PLATFORMS INC CLASS A,US30303M1027,XET,"MESI, XETB",17,612.2000,EUR,-10407.40,EUR,-9726.38,1.0700,-24.32,-4.59,-9730.97,,0ac671a6-9e57-4916-af9a-55bd9b9ff550
15-07-2025,09:32,HIMS & HERS HEALTH INC CLASS A,US4330001060,TDG,XGAT,240,44.8100,EUR,-10754.40,EUR,-9999.50,1.0755,-25.00,-3.64,-10003.14,,080a5799-0c96-48a8-ae34-717761a97f32
27-06-2025,14:50,ALPHABET INC CLASS A,US02079K3059,XET,XETB,20,148.2000,EUR,-2964.00,EUR,-2775.51,1.0679,-6.94,,-2775.51,,13c9ff96-9065-44d7-a266-4f255f5d941e
27-06-2025,14:35,ALPHABET INC CLASS A,US02079K3059,XET,XETB,2,148.2000,EUR,-296.40,EUR,-277.55,1.0679,-0.69,-4.60,-282.15,,13c9ff96-9065-44d7-a266-4f255f5d941e
24-06-2025,11:48,ALPHABET INC CLASS A,US02079K3059,XET,"JNSI, MESI",74,144.3000,EUR,-10678.20,EUR,-10058.28,1.0616,-25.15,-4.63,-10062.91,,aee2faa2-c714-4505-b2f5-76033a2b1574
23-06-2025,14:21,HIMS & HERS HEALTH INC CLASS A,US4330001060,TDG,XGAT,-459,44.7600,EUR,20544.84,EUR,19289.67,1.0651,-48.22,-3.67,19286.00,,80f5eafa-1980-4668-a0f6-116081112db4
18-06-2025,05:35,ELECTRO OPTIC SYSTEMS HOLDINGS LTD,AU000000EOS8,ASX,ASXT,1359,2.7700,AUD,-3764.43,AUD,-1994.72,1.8872,-4.99,-5.65,-2000.37,,56c97f52-55cd-4b26-8b91-18682e2695a4
20-05-2025,09:46,ALPHABET INC CLASS A,US02079K3059,XET,MESI,36,148.0400,EUR,-5329.44,EUR,-4999.58,1.0660,-12.50,-4.61,-5004.19,f9aa4e8e-eb5e-4d80-9838-d2c6153123f5
14-05-2025,09:33,UNITEDHEALTH GROUP INC,US91324P1021,TDG,XGAT,37,286.0500,EUR,-10583.85,EUR,-9940.41,1.0647,-24.85,-3.67,-9944.08,e810f8bb-42d7-45e2-ab5c-e61697c57dcd
25-04-2025,09:33,ALPHABET INC CLASS A,US02079K3059,XET,"MESI, XETB",50,147.8000,EUR,-7390.00,EUR,-6962.45,1.0614,-17.41,-4.63,-6967.08,47e92f07-f238-4938-b812-d78ec2ace18b
22-04-2025,09:12,AMUNDI MSCI USA DAILY (2X) LEVERAGED UCITS ETF ACC,FR0010755611,EPA,XPAR,491,15.2620,EUR,-7493.64,EUR,-6985.62,1.0727,-17.46,-2.80,-6988.42,af5151d6-b94e-434f-9ff2-43f281bb99b0
07-04-2025,11:06,ISHARES $ TREASURY BOND 20+YR UCITS ETF USD D,IE00BSKRJZ44,XET,XETA,-2376,3.1514,EUR,7487.73,EUR,7007.81,1.0685,-17.52,-2.81,7005.00,7920dd3f-f33c-4d5d-9304-9d7c5bbec379
07-04-2025,11:06,AMUNDI MSCI USA DAILY (2X) LEVERAGED UCITS ETF ACC,FR0010755611,EPA,XPAR,505,14.8000,EUR,-7474.00,EUR,-6995.71,1.0684,-17.49,-2.82,-6998.53,52156c10-0d5e-4a67-b0aa-079dc90dcffa
03-04-2025,10:01,AMUNDI S&P 500 SWAP UCITS ETF EUR ACC,LU1681048804,XET,XETA,-74,98.7180,EUR,7305.13,EUR,6960.37,1.0495,-17.40,-2.87,6957.50,e311b750-acc5-4114-9b8f-273c943576c5
03-04-2025,10:00,AMUNDI MSCI USA DAILY (2X) LEVERAGED UCITS ETF ACC,FR0010755611,EPA,XPAR,386,18.9860,EUR,-7328.60,EUR,-6982.73,1.0495,-17.46,-2.87,-6985.60,d4f9d268-6c59-40cf-8d44-f9ea17b38bca
11-03-2025,13:11,AMUNDI MSCI USA DAILY (2X) LEVERAGED UCITS ETF ACC,FR0010755611,EPA,XPAR,368,20.2050,EUR,-7435.44,EUR,-7145.50,1.0406,-17.86,-2.89,-7148.39,8b34b26e-0b4c-4c1c-a38c-b3a0fdd09319
29-01-2025,09:54,SUPER MICRO COMPUTER INC,US86800U3023,TDG,XGAT,102,27.7500,EUR,-2830.50,EUR,-2671.73,1.0594,-6.68,-3.69,-2675.42,7390df16-2a1d-4dbc-b738-d0f44e8ad2bd
29-01-2025,09:52,PAYPAL HOLDINGS INC,US70450Y1038,XET,XETB,-34,84.8000,EUR,2883.20,EUR,2719.16,1.0603,-6.80,-4.63,2714.53,216d4fe1-205f-49ac-9b1e-9a9c585b2194
24-01-2025,10:12,SUPER MICRO COMPUTER INC,US86800U3023,TDG,XGAT,165,31.9900,EUR,-5278.35,EUR,-5003.91,1.0548,-12.51,-3.71,-5007.62,04356f4d-93cc-48aa-aa66-ec67fdbf5a1f
23-01-2025,09:34,SUPER MICRO COMPUTER INC,US86800U3023,TDG,XGAT,160,32.3000,EUR,-5168.00,EUR,-4873.97,1.0603,-12.18,-3.69,-4877.66,53f2cb55-16ec-410a-8c8b-51a863d6b7b1
22-01-2025,08:48,SUPER MICRO COMPUTER INC,US86800U3023,TDG,XGAT,49,31.9200,EUR,-1564.08,EUR,-1476.50,1.0593,-3.69,-3.69,-1480.19,975c8153-17f9-4db5-b733-1a48d58d38f9
06-01-2025,12:34,HIMS & HERS HEALTH INC CLASS A,US4330001060,TDG,XGAT,59,26.3900,EUR,-1557.01,EUR,-1463.44,1.0639,-3.66,,-1463.44,b74cdc6e-53e1-4a0f-9395-efad67947344
06-01-2025,12:34,HIMS & HERS HEALTH INC CLASS A,US4330001060,TDG,XGAT,400,26.3900,EUR,-10556.00,EUR,-9921.65,1.0639,-24.80,-3.67,-9925.32,b74cdc6e-53e1-4a0f-9395-efad67947344
17-12-2024,14:57,ALPHABET INC CLASS A,US02079K3059,XET,XTXE,28,187.7000,EUR,-5255.60,EUR,-4941.35,1.0636,-12.35,-4.62,-4945.97,104bb69f-92b8-419b-a15f-797f72e3ddac
12-12-2024,09:09,SUPER MICRO COMPUTER INC,US86800U3023,TDG,XGAT,44,36.0000,EUR,-1584.00,EUR,-1470.12,1.0775,-3.68,-3.63,-1473.75,d68de9e4-8574-4891-8ac2-845dfcb0fa9c
26-11-2024,12:02,WISDOMTREE PHYSICAL BITCOIN SECURITIES ETP,GB00BJYDH287,XET,XETA,-839,20.9760,EUR,17598.86,EUR,16386.40,1.0740,-40.97,-2.80,16383.60,cbbb13a2-cde2-4aa6-a3fa-ed3aebcced2d
26-11-2024,09:32,SUPER MICRO COMPUTER INC,US86800U3023,TDG,XGAT,30,35.6000,EUR,-1068.00,EUR,-992.18,1.0764,-2.48,-3.63,-995.81,8b9bd2a6-34d9-4cf7-8afd-52d1f3bade81
26-11-2024,09:31,ISHARES $ TREASURY BOND 20+YR UCITS ETF USD D,IE00BSKRJZ44,XET,XETA,672,3.2868,EUR,-2208.73,EUR,-2052.81,1.0760,-5.13,-2.80,-2055.61,8f49ea03-eb8f-4005-9db7-982dab5e17e8
21-11-2024,14:30,SUPER MICRO COMPUTER INC,US86800U3023,TDG,XGAT,108,26.0800,EUR,-2816.64,EUR,-2618.65,1.0756,-6.55,-3.63,-2622.28,e825abaa-cbb2-42a6-9457-56cec71863a7
21-11-2024,14:11,PAYPAL HOLDINGS INC,US70450Y1038,XET,XETB,-35,80.5000,EUR,2817.50,EUR,2625.93,1.0730,-6.56,-4.58,2621.35,4cfb7106-8598-4ea2-9f26-154b8327f4e9
19-11-2024,09:09,SUPER MICRO COMPUTER INC,US86800U3023,TDG,XGAT,111,28.6400,EUR,-3179.04,EUR,-2973.69,1.0691,-7.43,-3.66,-2977.35,3873e246-6bef-4300-800c-11fbb45f4ba9
28-10-2024,09:25,ISHARES $ TREASURY BOND 20+YR UCITS ETF USD D,IE00BSKRJZ44,XET,XETA,1520,3.1559,EUR,-4796.97,EUR,-4499.10,1.0662,-11.25,-2.82,-4501.92,72c813cd-dcb4-4ea5-8e1d-7d049a378baa
28-10-2024,08:58,AMYRIS INC - NON TRADEABLE,US032ESC0149,DEG,,-701,0.0000,USD,0.00,USD,0.00,1.1746,0.00,,0.00,
16-07-2024,14:42,ISHARES $ TREASURY BOND 20+YR UCITS ETF USD D,IE00BSKRJZ44,XET,XETA,129,3.1594,EUR,-407.56,EUR,-398.03,1.0240,-1.00,-2.94,-400.97,3168ec62-5d19-458a-815c-e548d908eeb1
28-06-2024,09:24,ISHARES $ TREASURY BOND 20+YR UCITS ETF USD D,IE00BSKRJZ44,XET,XETA,906,3.2090,EUR,-2907.35,EUR,-2797.18,1.0394,-6.99,-2.89,-2800.07,278191f6-f99d-4a7b-b432-922e4d137a8e
07-05-2024,00:00,AMYRIS INC - NON TRADEABLE,US032ESC0149,DEG,,701,0.0000,USD,0.00,USD,0.00,1.1260,0.00,,0.00,
07-05-2024,00:00,AMYRIS INC,US03236M2008,OTC,,-701,0.0000,USD,0.00,USD,0.00,1.1260,0.00,,0.00,
20-03-2024,13:02,ADR ON BIONTECH SE,US09075V1026,XET,XETB,5,82.4600,EUR,-412.30,EUR,-398.16,1.0355,-1.00,-4.74,-402.90,5b452aac-f1d3-4fc8-8a38-37bbda9a3bd6
28-02-2024,12:55,AMUNDI NASDAQ-100 SWAP UCITS ETF EUR ACC,LU1681038243,XET,XETA,27,187.7800,EUR,-5070.06,EUR,-4826.22,1.0505,-12.07,-2.86,-4829.08,344c9134-f1e6-4312-be78-cd3ca7041dc2
28-02-2024,12:55,AMUNDI S&P 500 SWAP UCITS ETF EUR ACC,LU1681048804,XET,XETA,69,91.0800,EUR,-6284.52,EUR,-5981.64,1.0506,-14.95,-2.86,-5984.50,3d02d9fb-f50a-4e54-87c6-3ba28f56c95c
28-02-2024,12:54,ADVANCED MICRO DEVICES INC,US0079031078,TDG,XGAT,-74,162.9000,EUR,12054.60,EUR,11474.84,1.0505,-28.69,-3.72,11471.12,150c2c24-3ece-49c0-9a73-7e20ea723dd5
31-01-2024,09:38,ISHARES $ TREASURY BOND 20+YR UCITS ETF USD D,IE00BSKRJZ44,XET,XETA,1142,3.2798,EUR,-3745.53,EUR,-3495.58,1.0715,-8.74,-2.81,-3498.39,dff7b8e0-99ec-415b-ad89-2a576d98f84f
08-01-2024,15:39,QUALCOMM INC,US7475251036,NDQ,XNAS,-61,136.7000,USD,8338.70,USD,7081.39,1.1776,-17.70,-1.87,7079.52,818b68d0-468c-480e-b1c7-194031ca206f
08-01-2024,15:38,QUALCOMM INC,US7475251036,XET,XTXE,61,124.9400,EUR,-7621.34,EUR,-7093.99,1.0743,-17.73,-4.57,-7098.56,cef6f508-efa0-4935-b59f-135674dd6b30
08-01-2024,15:37,PAYPAL HOLDINGS INC,US70450Y1038,NDQ,ARCX,-69,60.1100,USD,4147.59,USD,3522.27,1.1775,-8.81,-1.87,3520.40,8d03e41e-2e4d-4c73-a28f-742937b4fdd9
08-01-2024,15:37,PAYPAL HOLDINGS INC,US70450Y1038,XET,XTXE,69,54.9400,EUR,-3790.86,EUR,-3528.55,1.0743,-8.82,-4.57,-3533.12,6c1f116b-b230-42a5-8f21-a61db0444f13
08-01-2024,15:35,INTEL CORP,US4581401001,NDQ,EDGX,-162,47.3100,USD,7664.22,USD,6504.79,1.1782,-16.26,-1.87,6502.92,584c7769-2a66-442f-8805-76999b184576
08-01-2024,15:35,INTEL CORP,US4581401001,XET,XTXE,162,43.1550,EUR,-6991.11,EUR,-6507.37,1.0743,-16.27,-4.57,-6511.94,3d6cf9bd-a74b-4b57-8da1-07d1dc318279
04-01-2024,18:38,ADR ON JD.COM INC CLASS A,US47215P1066,NDQ,CDED,-54,27.3050,USD,1474.47,USD,1255.18,1.1747,-3.14,-1.87,1253.31,6349179d-b6b1-490c-a12c-c69706113d84
04-01-2024,17:16,GINKGO BIOWORKS HOLDINGS INC,US37611X1000,NSY,XNYS,-127,1.5400,USD,195.58,USD,166.18,1.1769,-0.42,-1.87,164.31,2719d642-a276-4a55-949b-789118ac22bc
04-01-2024,16:26,ADR ON JD.COM INC CLASS A,US47215P1066,TDG,XGAT,54,24.9500,EUR,-1347.30,EUR,-1254.75,1.0738,-3.14,-3.64,-1258.39,a984133f-3813-4752-93cd-927638a3a9f8
04-01-2024,16:20,ADR ON BAIDU INC CLASS A,US0567521085,NDQ,CDED,-90,118.0900,USD,10628.10,USD,9032.53,1.1766,-22.58,-1.87,9030.66,083278e6-58fb-41b1-8a41-ee2c40f1b56a
04-01-2024,16:20,ADR ON BAIDU INC CLASS A,US0567521085,TDG,XGAT,90,107.8000,EUR,-9702.00,EUR,-9033.59,1.0740,-22.58,-3.64,-9037.23,ab32eb5b-6c8a-4eed-a829-76ff5ded3380
04-01-2024,16:15,MICROSOFT CORP,US5949181045,NDQ,CDED,-23,372.2900,USD,8562.67,USD,7274.64,1.1771,-18.19,-1.87,7272.77,1d16c8f1-3a59-4160-9745-58e6642807ed
04-01-2024,16:14,MICROSOFT CORP,US5949181045,XET,MESI,23,339.6500,EUR,-7811.95,EUR,-7244.85,1.0783,-18.11,-4.56,-7249.41,2ffcdda6-b0dc-4700-9e19-3c9596c162a9
04-01-2024,16:14,META PLATFORMS INC CLASS A,US30303M1027,NDQ,ARCX,-25,345.4500,USD,8636.25,USD,7339.16,1.1767,-18.35,-1.87,7337.29,ddb4dfcc-1957-4762-98ff-ab9a6ae544c2
04-01-2024,16:13,META PLATFORMS INC CLASS A,US30303M1027,XET,XETB,25,315.2000,EUR,-7880.00,EUR,-7307.96,1.0783,-18.27,-4.56,-7312.52,36e244b2-b05e-4c90-be4d-75aff70e782d
04-01-2024,16:09,AMAZON.COM INC,US0231351067,NDQ,CDED,-56,146.3200,USD,8193.92,USD,6971.79,1.1753,-17.43,-1.87,6969.92,40ebe5f0-c7b1-4ab9-9f88-e8d9f9a8d4c8
04-01-2024,16:09,AMAZON.COM INC,US0231351067,XET,XETB,56,133.6000,EUR,-7481.60,EUR,-6938.48,1.0783,-17.35,-4.56,-6943.04,a1d278d0-ef29-4575-8a02-d01c5080613c
04-01-2024,16:08,ALPHABET INC CLASS A,US02079K3059,NDQ,SOHO,-63,138.5930,USD,8731.36,USD,7429.75,1.1752,-18.57,-1.87,7427.88,1ae91e72-1eed-42d9-8e2e-5ebb237f7567
04-01-2024,16:07,ALPHABET INC CLASS A,US02079K3059,XET,XETB,63,126.4400,EUR,-7965.72,EUR,-7387.26,1.0783,-18.47,-4.56,-7391.82,4d13d814-4a2e-48cb-8a0c-856db537738f
04-01-2024,16:06,ADR ON ALIBABA GROUP HOLDING LTD,US01609W1027,NSY,CDED,-227,75.1700,USD,17063.59,USD,14514.74,1.1756,-36.29,-1.87,14512.87,0dfb5311-776d-447b-bf06-e0bbb313fbbc
04-01-2024,16:05,ADR ON ALIBABA GROUP HOLDING LTD,US01609W1027,XET,XETB,227,68.6529,EUR,-15584.20,EUR,-14522.45,1.0731,-36.31,-4.58,-14527.03,08cfa094-d2e8-43a4-b845-3160af8f1fd8
03-01-2024,15:31,ADR ON ALIBABA GROUP HOLDING LTD,US01609W1027,NSY,XNYS,36,74.3000,USD,-2674.80,USD,-2284.02,1.1711,-5.71,-1.87,-2285.89,8b723882-f16a-4549-ba2f-62daf66c3050
19-12-2023,09:04,AMUNDI S&P 500 SWAP UCITS ETF EUR ACC,LU1681048804,XET,XETA,125,84.2200,EUR,-10527.50,EUR,-9962.23,1.0567,-24.91,-2.85,-9965.08,14094c2c-2182-4f27-862c-92ad82a021cf
18-12-2023,18:03,INTEL CORP,US4581401001,NDQ,CDED,-113,45.7250,USD,5166.92,USD,4485.25,1.1520,-11.21,-1.90,4483.35,9404862e-20f0-43b7-b604-9bcdac3e4948
18-12-2023,18:03,MICROSOFT CORP,US5949181045,NDQ,SOHO,23,371.4000,USD,-8542.20,USD,-7415.90,1.1519,-18.54,-1.90,-7417.80,2b43d46e-8fa4-436c-9111-182c73c9b29b
18-12-2023,18:03,ALPHABET INC CLASS A,US02079K3059,NDQ,MEMX,63,136.7200,USD,-8613.36,USD,-7476.89,1.1520,-18.69,-1.90,-7478.79,312cc2d7-835f-4b21-a13e-eb7bcdeb15da
18-12-2023,18:02,AMAZON.COM INC,US0231351067,NDQ,CDED,7,153.1300,USD,-1071.91,USD,-930.57,1.1519,-2.33,-1.90,-932.47,aab33fc9-b788-4147-a405-f320660fc567
18-12-2023,18:01,META PLATFORMS INC CLASS A,US30303M1027,NDQ,XNAS,-4,345.8150,USD,1383.26,USD,1200.86,1.1519,-3.00,-1.90,1198.96,2880d0b9-09d7-47a5-b595-88da0f6a54fa
18-12-2023,18:01,AMAZON.COM INC,US0231351067,NDQ,CDED,-77,153.0800,USD,11787.16,USD,10233.81,1.1518,-25.58,-1.90,10231.91,fa4d0fee-4612-4477-9c98-b03641dab661
18-12-2023,17:24,AMUNDI NASDAQ-100 SWAP UCITS ETF EUR ACC,LU1681038243,XET,XETA,98,173.1000,EUR,-16963.80,EUR,-16064.82,1.0560,-40.16,-2.85,-16067.67,b9b6f5e7-76d0-4382-a317-357d18395a26
18-12-2023,17:14,WISDOMTREE NASDAQ 100 3X DAILY LEVERAGED,IE00BLRPRL42,MIL,ETFP,-204,137.1000,EUR,27968.40,EUR,26491.83,1.0557,-66.23,-2.85,26488.98,f7698f1c-de41-40e1-9b84-d4e8b92e76aa
15-12-2023,15:33,INTEL CORP,US4581401001,NDQ,"ARCX, XNAS",275,46.5000,USD,-12787.50,USD,-11105.03,1.1515,-27.76,-1.90,-11106.93,156b72b5-66a4-4aaf-bb0a-6ee26735f174
15-12-2023,14:31,ADVANCED MICRO DEVICES INC,US0079031078,TDG,XGAT,-30,126.8600,EUR,3805.80,EUR,3614.01,1.0531,-9.04,-3.71,3610.30,50e0ac6e-50d7-422b-b61d-47603b8f2a19
15-12-2023,14:00,WISDOMTREE PHYSICAL BITCOIN SECURITIES ETP,GB00BJYDH287,XET,XETA,393,9.3700,EUR,-3682.41,EUR,-3490.95,1.0548,-8.73,-2.85,-3493.80,d768431f-6ca8-443e-86b8-fd332300c9f8
15-12-2023,13:24,WISDOMTREE US TREASURIES 10Y 3X DAILY LE,IE00BKT09032,MIL,ETFP,-157,72.2000,EUR,11335.40,EUR,10757.36,1.0537,-26.89,-2.85,10754.51,2bfd019b-8d7d-4bd3-9400-fe86d1fce35b
13-12-2023,15:33,AMUNDI S&P 500 SWAP UCITS ETF EUR ACC,LU1681048804,XET,XETA,176,83.5456,EUR,-14704.02,EUR,-13903.18,1.0576,-34.76,-2.84,-13906.02,1e617fcd-98ea-441e-a964-b75a23bd8c8a
13-12-2023,15:32,PAYPAL HOLDINGS INC,US70450Y1038,NDQ,"EDGA, XNAS",69,58.8597,USD,-4061.32,USD,-3557.76,1.1415,-8.89,-1.90,-3559.66,4044691c-609f-4491-9125-ca3fa2ec2824
13-12-2023,15:31,ALPHABET INC CLASS A,US02079K3059,NDQ,SOHO,-120,133.0314,USD,15963.77,USD,13983.91,1.1416,-34.96,-1.90,13982.01,24860d09-b5c1-40a3-8f3f-0637da19da0d
05-12-2023,14:18,AMUNDI S&P 500 SWAP UCITS ETF EUR ACC,LU1681048804,XET,XETA,94,81.6260,EUR,-7672.84,EUR,-7253.18,1.0579,-18.13,-2.84,-7256.02,d553f8a7-e6a7-432a-b86d-fc220f3a2878
04-12-2023,15:31,MICROSOFT CORP,US5949181045,NDQ,CDED,-23,367.9904,USD,8463.78,USD,7406.55,1.1427,-18.52,-1.90,7404.65,e509e403-1f7d-4541-b29a-0b8f1ff85bf9
28-11-2023,09:49,WISDOMTREE PHYSICAL BITCOIN SECURITIES ETP,GB00BJYDH287,XET,XETA,446,8.1270,EUR,-3624.64,EUR,-3494.54,1.0372,-8.74,-2.90,-3497.44,7b0901ca-1212-4b28-ac5f-0b603aed1f46
08-11-2023,17:36,QUALCOMM INC,US7475251036,NDQ,MSCO,18,120.2900,USD,-2165.22,USD,-1944.24,1.1137,-4.86,-1.93,-1946.17,667e843b-95ba-4aba-a44d-2a923233a8e9
08-11-2023,17:34,ALPHABET INC CLASS A,US02079K3059,TDG,XGAT,-18,122.9000,EUR,2212.20,EUR,2126.82,1.0401,-5.32,-3.76,2123.06,e681df65-3ea5-4e12-8f6a-8bc7597d086c
07-11-2023,16:43,ADVANCED MICRO DEVICES INC,US0079031078,NDQ,ARCX,-46,113.8000,USD,5234.80,USD,4712.38,1.1109,-11.78,-1.93,4710.45,8addb690-217a-4fda-bc5e-dbbb4bb4cb11
07-11-2023,16:42,QUALCOMM INC,US7475251036,NDQ,ARCX,43,120.7000,USD,-5190.10,USD,-4671.70,1.1110,-11.68,-1.93,-4673.63,25cbd045-c7e7-4ee2-84d8-0e2736026ba4
31-10-2023,09:15,WISDOMTREE NASDAQ 100 3X DAILY LEVERAGED,IE00BLRPRL42,MIL,ETFP,40,90.5700,EUR,-3622.80,EUR,-3471.39,1.0436,-8.68,-2.88,-3474.27,23003699-3c12-47ee-a6b0-ebcee7fe4238
12-10-2023,15:36,AMUNDI S&P 500 SWAP UCITS ETF EUR ACC,LU1681048804,XET,XETA,293,80.2400,EUR,-23510.32,EUR,-22447.79,1.0473,-56.12,-2.87,-22450.66,bc2682e0-d9c4-494b-8e4a-476e06aa6274
12-10-2023,15:24,VANGUARD FTSE ALL-WORLD UCITS ETF USD DIS,IE00B3RBWM25,EAM,XAMS,-236,103.5200,EUR,24430.72,EUR,23333.93,1.0470,-58.33,-0.96,23332.97,cc424bb5-98fc-445f-b949-b1117c564e6e
04-10-2023,09:22,WISDOMTREE NASDAQ 100 3X DAILY LEVERAGED,IE00BLRPRL42,MIL,ETFP,37,97.5000,EUR,-3607.50,EUR,-3476.21,1.0378,-8.69,-2.90,-3479.11,9cc07410-6c35-40ad-803f-265e8256616b
01-09-2023,15:21,ISHARES $ TREASURY BOND 20+YR UCITS ETF USD D,IE00BSKRJZ44,XET,XETA,25440,3.2764,EUR,-83351.20,EUR,-79742.78,1.0453,-199.36,-2.88,-79745.66,03b8ab59-c41e-4d86-84a5-4335f3b9bb4b
01-09-2023,14:53,WISDOMTREE NASDAQ 100 3X DAILY LEVERAGED,IE00BLRPRL42,MIL,ETFP,-700,119.0000,EUR,83300.00,EUR,79709.12,1.0450,-199.27,-2.88,79706.24,2adb101e-04ba-43f9-9907-eba7fa53f670
31-08-2023,17:13,ISHARES $ TREASURY BOND 20+YR UCITS ETF USD D,IE00BSKRJZ44,XET,XETA,6146,3.3090,EUR,-20337.11,EUR,-19497.26,1.0431,-48.74,-2.88,-19500.14,c55de2c3-543a-4bf6-9b57-799bccb6cd99
31-08-2023,17:12,WISDOMTREE NASDAQ 100 3X DAILY LEVERAGED,IE00BLRPRL42,XET,XETA,-173,118.4200,EUR,20486.66,EUR,19640.68,1.0431,-49.10,-2.88,19637.80,1e793ec5-aad1-40c8-8852-d914db97a3d2
31-08-2023,16:58,ISHARES $ TREASURY BOND 20+YR UCITS ETF USD D,IE00BSKRJZ44,XET,XETA,3872,3.3086,EUR,-12810.90,EUR,-12281.88,1.0431,-30.70,-2.88,-12284.76,09492d5b-20d8-40bc-a2fa-5df72e7b1552
31-08-2023,16:58,APPLE INC,US0378331005,NDQ,XNAS,-74,188.3500,USD,13937.90,USD,12319.23,1.1314,-30.80,-1.92,12317.31,00f47d03-c63c-4722-9243-2d173484ad39
31-08-2023,16:48,ISHARES $ TREASURY BOND 20+YR UCITS ETF USD D,IE00BSKRJZ44,XET,XETA,1896,3.3097,EUR,-6275.19,EUR,-6012.30,1.0437,-15.03,-2.88,-6015.18,b3e53e90-04a0-4fcd-ae2c-d92a8bd91158
31-08-2023,16:37,WISDOMTREE NASDAQ 100 3X DAILY LEVERAGED,IE00BLRPRL42,MIL,ETFP,-500,118.6400,EUR,59320.00,EUR,56822.31,1.0440,-142.06,-2.88,56819.43,c1aeb1f3-d70e-413a-ae56-1b56f4c30743
30-08-2023,09:24,ISHARES $ TREASURY BOND 20+YR UCITS ETF USD D,IE00BSKRJZ44,XET,XETA,959,3.2700,EUR,-3135.93,EUR,-2996.40,1.0466,-7.49,-2.87,-2999.27,6fd065ba-04d3-4e7c-b5bf-fca55f528957
21-08-2023,13:34,AMYRIS INC,US03236M2008,OTC,,701,0.0500,USD,-35.05,USD,-30.92,1.1334,0.00,,-30.92,
21-08-2023,13:34,AMYRIS INC,US03236M2008,NDQ,,-701,0.0500,USD,35.05,USD,30.92,1.1334,0.00,,30.92,
01-08-2023,12:39,WISDOMTREE US TREASURIES 10Y 3X DAILY LE,IE00BKT09032,MIL,ETFP,103,70.5600,EUR,-7267.68,EUR,-6986.46,1.0403,-17.47,-2.89,-6989.35,992ab3d8-e148-49fe-9173-56cea18b9366
11-07-2023,18:43,ACTIVISION BLIZZARD I,US00507V1098,NDQ,CDED,-6,91.9300,USD,551.58,USD,485.52,1.1361,-1.21,-1.94,483.58,54d15fbb-b748-4ab4-9ee6-5b58979c9ddc
28-06-2023,09:32,WISDOMTREE US TREASURIES 10Y 3X DAILY LE,IE00BKT09032,MIL,ETFP,48,73.6500,EUR,-3535.20,EUR,-3463.81,1.0206,-8.66,-2.95,-3466.76,967090e0-3670-4776-8811-c2c47e2f0949
16-06-2023,21:50,KLA CORP,US4824801009,NDQ,SOHO,-16,465.8500,USD,7453.60,USD,6664.07,1.1185,-16.66,-1.96,6662.11,17dc21b7-7705-4f53-a863-c6351e48f33f
15-06-2023,15:31,NVIDIA CORP,US67066G1040,NDQ,SOHO,-10,426.6313,USD,4266.31,USD,3828.89,1.1142,-9.57,-1.96,3826.93,cdea035c-e53e-4d79-a295-0ea8f5a80d58
15-06-2023,13:59,NVIDIA CORP,US67066G1040,TDG,XGAT,-25,391.6500,EUR,9791.25,EUR,9557.30,1.0245,-23.89,-3.82,9553.48,c4acccb0-f587-482d-b554-23aa4ac224cf
01-05-2023,15:32,MICROSOFT CORP,US5949181045,NDQ,MEMX,23,308.0000,USD,-7084.00,USD,-6322.56,1.1204,-15.81,-0.99,-6323.55,cc06c3be-9b84-41d8-91e4-c3874843c273
28-03-2023,00:00,WISDOMTREE NASDAQ 100 3X DAILY LEVERAGED,IE00BLRPRL42,XET,,173,70.8100,EUR,-12250.13,EUR,-11924.59,1.0273,0.00,,-11924.59,
28-03-2023,00:00,NVIDIA CORP,US67066G1040,TDG,,25,245.8000,EUR,-6145.00,EUR,-5981.70,1.0273,0.00,,-5981.70,
28-03-2023,00:00,ALPHABET INC CLASS A,US02079K3059,TDG,,18,94.7900,EUR,-1706.22,EUR,-1660.88,1.0273,0.00,,-1660.88,
09-12-2022,11:28,WISDOMTREE NASDAQ 100 3X DAILY LEVERAGED,IE00BLRPRL42,MIL,ETFP,58,60.2200,EUR,-3492.76,EUR,-3438.64,1.0157,-8.60,-2.96,-3441.60,c86ab17c-b21b-4fad-a99d-0142282aa455
01-12-2022,09:04,WISDOMTREE NASDAQ 100 3X DAILY LEVERAGED,IE00BLRPRL42,MIL,ETFP,113,67.0000,EUR,-7571.00,EUR,-7441.10,1.0175,-18.60,-2.96,-7444.06,185165f0-fa60-4b18-8818-5f50ff1f582b
24-11-2022,09:04,WISDOMTREE NASDAQ 100 3X DAILY LEVERAGED,IE00BLRPRL42,MIL,ETFP,125,64.7200,EUR,-8090.00,EUR,-7935.53,1.0195,-19.84,-2.95,-7938.48,773be20a-2138-47d3-9726-9a32cc69d465
22-11-2022,12:36,WISDOMTREE NASDAQ 100 3X DAILY LEVERAGED,IE00BLRPRL42,MIL,ETFP,58,60.8000,EUR,-3526.40,EUR,-3460.83,1.0189,-8.65,-2.95,-3463.78,31f39371-cb8b-47df-ab13-5ddf4a7df05a
15-11-2022,13:25,WISDOMTREE NASDAQ 100 3X DAILY LEVERAGED,IE00BLRPRL42,MIL,ETFP,54,64.9000,EUR,-3504.60,EUR,-3433.13,1.0208,-8.58,-2.95,-3436.08,ab888868-7de8-4e8d-9b49-b91a56b7cf54
31-10-2022,09:04,WISDOMTREE US TREASURIES 10Y 3X DAILY LE,IE00BKT09032,MIL,ETFP,6,79.3800,EUR,-476.28,EUR,-472.52,1.0080,-1.18,-2.98,-475.50,9fd7c1a7-ca1a-49c9-acc8-80a9339e688b
28-10-2022,15:30,AMAZON.COM INC,US0231351067,NDQ,XNAS,30,98.0000,USD,-2940.00,USD,-2930.88,1.0031,-7.33,-1.00,-2931.88,e633fc4d-cd5d-4d26-89dd-a6a27ed80155
28-10-2022,09:32,WISDOMTREE NASDAQ 100 3X DAILY LEVERAGED,IE00BLRPRL42,MIL,ETFP,142,56.2700,EUR,-7990.34,EUR,-7905.69,1.0107,-19.76,-2.98,-7908.67,d7f0a011-32dd-4fd1-9ac1-3a6d2f06fece
28-09-2022,13:48,WISDOMTREE NASDAQ 100 3X DAILY LEVERAGED,IE00BLRPRL42,MIL,ETFP,66,62.8000,EUR,-4144.80,EUR,-3921.42,1.0570,-9.80,-2.85,-3924.27,0e966ecd-e9c5-46ec-a507-6a552c598b63
25-08-2022,09:42,WISDOMTREE NASDAQ 100 3X DAILY LEVERAGED,IE00BLRPRL42,MIL,ETFP,94,99.0000,EUR,-9306.00,EUR,-8960.80,1.0385,-22.40,-2.41,-8963.21,10f14af5-f410-49f4-9464-4e2a2b471524
01-08-2022,10:27,WISDOMTREE NASDAQ 100 3X DAILY LEVERAGED,IE00BLRPRL42,MIL,ETFP,60,94.9000,EUR,-5694.00,EUR,-5545.42,1.0268,-13.86,,-5545.42,61a22594-68fa-478c-b98b-3d625c9e3a46
01-08-2022,10:20,WISDOMTREE NASDAQ 100 3X DAILY LEVERAGED,IE00BLRPRL42,MIL,ETFP,38,94.9000,EUR,-3606.20,EUR,-3513.18,1.0265,-8.78,-2.44,-3515.62,61a22594-68fa-478c-b98b-3d625c9e3a46
29-07-2022,10:13,WISDOMTREE NASDAQ 100 3X DAILY LEVERAGED,IE00BLRPRL42,MIL,CHIX,108,94.7400,EUR,-10231.92,EUR,-9963.91,1.0269,-24.91,-2.44,-9966.35,6a0ba73c-8dc9-4101-9f3b-0aee0f68273b
29-07-2022,10:10,AMUNDI NASDAQ-100 SWAP UCITS ETF EUR ACC,LU1681038243,XET,XETA,-72,141.5000,EUR,10188.00,EUR,9924.19,1.0266,-24.81,-2.44,9921.75,8e550e29-1b52-4c3f-a6e0-06c87b2bf8df
18-07-2022,00:00,ALPHABET INC CLASS A,US02079K3059,NDQ,,120,111.7775,USD,-13413.30,USD,-13438.54,0.9981,0.00,,-13438.54,
18-07-2022,00:00,ALPHABET INC CLASS A,US02079K3059,NDQ,,-6,2235.5500,USD,13413.30,USD,13438.54,0.9981,0.00,,13438.54,
30-06-2022,14:47,WISDOMTREE NASDAQ 100 3X DAILY LEVERAGED,IE00BLRPRL42,MIL,CEUX,133,68.0900,EUR,-9055.97,EUR,-9014.37,1.0046,-22.54,-2.49,-9016.86,8694ecfc-8feb-4639-928c-20c6de1aec81
24-06-2022,13:25,WISDOMTREE NASDAQ 100 3X DAILY LEVERAGED,IE00BLRPRL42,MIL,CEUX,125,72.7200,EUR,-9090.00,EUR,-9170.96,0.9912,-22.93,-2.53,-9173.49,725dd674-268d-4ec5-a3bd-73e8606262f8
24-06-2022,13:19,LANG & SCHWARZ AG,DE000LS1LUS9,TDG,XGAT,-1,14.0000,EUR,14.00,EUR,14.12,0.9918,-0.04,,14.12,53b382ba-c057-409c-b4eb-0c244419d1f0
24-06-2022,13:19,LANG & SCHWARZ AG,DE000LS1LUS9,TDG,XGAT,-430,14.0000,EUR,6020.00,EUR,6070.00,0.9918,-15.18,,6070.00,53b382ba-c057-409c-b4eb-0c244419d1f0
24-06-2022,12:36,LANG & SCHWARZ AG,DE000LS1LUS9,TDG,XGAT,-240,14.0000,EUR,3360.00,EUR,3389.25,0.9914,-8.47,-3.94,3385.31,53b382ba-c057-409c-b4eb-0c244419d1f0
21-06-2022,11:25,WISDOMTREE NASDAQ 100 3X DAILY LEVERAGED,IE00BLRPRL42,MIL,ETFP,153,66.9000,EUR,-10235.70,EUR,-10446.62,0.9798,-26.12,-2.56,-10449.18,cd3eb1a2-c6e3-4b65-8d42-7b64ef2c8c77
21-06-2022,11:22,LANG & SCHWARZ AG,DE000LS1LUS9,TDG,XGAT,-290,14.6000,EUR,4234.00,EUR,4322.09,0.9796,-10.81,,4322.09,89078439-a4fc-4984-ae7f-acae795b1cd4
21-06-2022,11:21,LANG & SCHWARZ AG,DE000LS1LUS9,TDG,XGAT,-410,14.6000,EUR,5986.00,EUR,6111.15,0.9795,-15.28,-3.99,6107.16,89078439-a4fc-4984-ae7f-acae795b1cd4
13-06-2022,13:57,DIDI GLOBAL INC,US23292E1082,OTC,,492,2.2900,USD,-1126.68,USD,-1128.80,0.9981,0.00,,-1128.80,
13-06-2022,13:57,DIDI GLOBAL INC. AMERICAN DEPOSITARY SHARES (EACH,US23292E1082,NSY,,-492,2.2900,USD,1126.68,USD,1128.80,0.9981,0.00,,1128.80,
06-06-2022,16:07,AMAZON.COM INC,US0231351067,NDQ,CDED,56,127.3000,USD,-7128.80,USD,-6873.41,1.0372,-17.18,-0.52,-6873.93,958427e7-5bd1-4528-9c46-8180ef0d71c0
06-06-2022,00:00,AMAZON.COM INC,US0231351067,NDQ,,40,122.3500,USD,-4894.00,USD,-4903.21,0.9981,0.00,,-4903.21,
06-06-2022,00:00,AMAZON.COM INC,US0231351067,NDQ,,-2,2447.0000,USD,4894.00,USD,4903.21,0.9981,0.00,,4903.21,
02-06-2022,15:56,ADR ON ALIBABA GROUP HOLDING LTD,US01609W1027,NSY,CDED,27,94.3350,USD,-2547.04,USD,-2447.02,1.0409,-6.12,-0.51,-2447.53,30860f9e-b242-474b-94fc-353bdca26a35
02-05-2022,21:44,ACTIVISION BLIZZARD I,US00507V1098,NDQ,CDED,6,77.9600,USD,-467.76,USD,-457.21,1.0231,-1.14,-0.51,-457.72,5597b93b-1d5a-4dbd-bfc2-ea8b4682df52
02-05-2022,21:43,NVIDIA CORP,US67066G1040,NDQ,CDED,10,193.0850,USD,-1930.85,USD,-1887.31,1.0231,-4.72,-0.51,-1887.82,b4b2ee89-3b2f-41e2-8762-cc0a8471ef64
30-03-2022,21:13,GINKGO BIOWORKS HOLDINGS INC,US37611X1000,NSY,"CDED, MSPL",127,4.2150,USD,-535.30,USD,-493.92,1.0838,-1.23,-0.52,-494.44,95be803c-9266-43d3-835f-78150b5268bf
29-03-2022,15:32,ALPHABET INC CLASS A,US02079K3059,NDQ,CDED,1,2864.8800,USD,-2864.88,USD,-2670.63,1.0727,-6.68,-0.52,-2671.15,e0242a14-00eb-4e99-b7ac-b2c1ec72235d
28-03-2022,21:27,ADR ON ALIBABA GROUP HOLDING LTD,US01609W1027,NSY,XNAS,23,114.9800,USD,-2644.54,USD,-2474.29,1.0688,-6.19,-0.51,-2474.80,33649515-52f0-4880-aa44-37516da19c7a
18-03-2022,15:07,ADR ON ALIBABA GROUP HOLDING LTD,US01609W1027,NSY,CDED,24,107.1200,USD,-2570.88,USD,-2404.55,1.0692,-6.01,-0.52,-2405.07,f0e5dbff-4797-4166-88b9-ade170bbaa66
02-03-2022,15:41,META PLATFORMS INC CLASS A,US30303M1027,NDQ,CDED,5,203.6700,USD,-1018.35,USD,-938.63,1.0849,-2.35,-0.51,-939.14,2a16473b-0c6d-4527-9283-3bfe019c6f5e
02-03-2022,15:41,ALPHABET INC CLASS A,US02079K3059,NDQ,XNAS,2,2676.6900,USD,-5353.38,USD,-4934.78,1.0848,-12.34,-0.51,-4935.29,7db112d8-2fc5-4724-8bb7-f5eb0c61bc40
15-02-2022,00:00,ADVANCED MICRO DEVICES INC,US0079031078,NDQ,,46,113.1020,USD,-5202.69,USD,-4781.61,1.0881,0.00,,-4781.61,
15-02-2022,00:00,XILINX INC. - COMMON,US9839191015,NDQ,,-27,194.9200,USD,5262.84,USD,4836.89,1.0881,0.00,,4836.89,
10-02-2022,00:00,LANG & SCHWARZ AG,DE000LS1LUS9,TDG,,1371,24.6000,EUR,-33726.60,EUR,-35040.62,0.9625,0.00,,-35040.62,
10-02-2022,00:00,LANG & SCHWARZ AG,DE0006459324,TDG,,-457,73.8000,EUR,33726.60,EUR,35040.62,0.9625,0.00,,35040.62,
01-02-2022,21:26,ALPHABET INC CLASS A,US02079K3059,NDQ,CDED,1,2740.1200,USD,-2740.12,USD,-2523.95,1.0856,-6.31,-0.52,-2524.47,05aa9322-0ef6-4492-9e4e-c354a33d995c
26-01-2022,08:31,CALL 21.01.22 APPLE 225,DE000GF893X8,FRA,,-177,0.0000,EUR,0.00,EUR,0.00,0.9661,0.00,,0.00,
21-12-2021,16:22,LANG & SCHWARZ AG,DE0006459324,TDG,XGAT,30,77.9000,EUR,-2337.00,EUR,-2434.47,0.9600,-6.09,-4.07,-2438.54,97e4a942-d116-4344-bde3-e60ad76fae6a
21-12-2021,16:22,ADR ON ALIBABA GROUP HOLDING LTD,US01609W1027,NSY,CDED,22,120.1500,USD,-2643.30,USD,-2442.80,1.0821,-6.11,-0.52,-2443.32,ae51836c-4cc8-46a1-8a1b-e05fcdf0995c
21-12-2021,16:21,ALPHABET INC CLASS A,US02079K3059,NDQ,XNAS,1,2830.0000,USD,-2830.00,USD,-2615.34,1.0821,-6.54,-0.52,-2615.86,d6a9c1f2-03a6-4789-a5be-cd465ff1f997
01-12-2021,16:06,META PLATFORMS INC CLASS A,US30303M1027,NDQ,MEMX,8,327.6000,USD,-2620.80,USD,-2403.19,1.0906,-2.40,,-2403.19,4dfd6773-875f-4e4c-b1b4-bb59d04d2a1b
12-11-2021,10:37,ZALANDO SE,DE000ZAL1111,XET,XETA,-52,76.3000,EUR,3967.60,EUR,4184.23,0.9482,-4.18,-6.31,4177.92,e3a50c0f-6614-4ffd-972d-26526adf665f
12-11-2021,10:20,ZALANDO SE,DE000ZAL1111,XET,XETA,-7,76.4600,EUR,535.22,EUR,564.34,0.9484,-0.56,-4.50,559.84,c476891f-392d-498c-adda-f7c543eef7b6
11-11-2021,18:55,AMYRIS INC,US03236M2008,NDQ,XNAS,701,7.7400,USD,-5425.74,USD,-4998.62,1.0854,-5.00,-3.12,-5001.74,47d43c73-32e9-49af-99a5-5d089c40bbe1
09-11-2021,17:38,ADR ON BIONTECH SE,US09075V1026,NDQ,CDED,-23,232.8100,USD,5354.63,USD,4887.02,1.0957,-4.89,-0.61,4886.41,bbffbc22-c595-4afe-bd17-7cf52f56abd7
08-11-2021,18:33,ADR ON BIONTECH SE,US09075V1026,NDQ,CDED,23,235.3500,USD,-5413.05,USD,-4943.21,1.0950,-4.94,-0.61,-4943.82,a723eefe-2a7c-4d84-bdbc-d735518222f6
04-11-2021,20:01,XILINX INC. - COMMON,US9839191015,NDQ,XNAS,27,198.2400,USD,-5352.48,USD,-4885.48,1.0956,-4.89,-0.63,-4886.11,eaa6e0ab-e697-47f4-b934-7068e78de956
01-11-2021,16:12,ALPHABET INC CLASS A,US02079K3059,NDQ,CDED,1,2906.4000,USD,-2906.40,USD,-2647.45,1.0978,-2.65,-0.53,-2647.98,e7cd071c-0772-4fe6-90e5-d00e6931233b
29-10-2021,19:30,META PLATFORMS INC CLASS A,US30303M1027,NDQ,SOHO,16,324.7700,USD,-5196.32,USD,-4756.96,1.0924,-4.76,-0.59,-4757.55,eb8f024e-eb04-47b5-b84f-812e687df0c0
20-10-2021,18:43,ADR ON BAIDU INC CLASS A,US0567521085,NDQ,CDED,23,182.0100,USD,-4186.23,USD,-3847.86,1.0879,-3.85,-0.62,-3848.48,ab197330-4e1e-4284-8494-51cced265fd8
20-10-2021,18:43,ADR ON ALIBABA GROUP HOLDING LTD,US01609W1027,NSY,CDED,24,178.2400,USD,-4277.76,USD,-3931.99,1.0879,-3.93,-0.63,-3932.62,095affca-f9c8-4a9b-8ceb-f32f0efc58e9
18-10-2021,19:20,APPLE INC,US0378331005,NDQ,MEMX,74,145.7300,USD,-10784.02,USD,-9951.42,1.0837,-9.95,-0.81,-9952.23,be8e1e69-e46f-454a-8f1a-2fca57480c64
11-10-2021,18:20,ADR ON JD.COM INC CLASS A,US47215P1066,NDQ,CDED,54,78.7500,USD,-4252.50,USD,-3942.38,1.0787,-3.94,-0.74,-3943.12,c930b90f-4d62-447c-8c3f-b5843ad73697
11-10-2021,17:42,DIDI GLOBAL INC. AMERICAN DEPOSITARY SHARES (EACH,US23292E1082,NSY,"CDED, MSPL",492,8.7600,USD,-4309.92,USD,-3994.75,1.0789,-3.99,-2.36,-3997.11,f86e8a47-da53-496e-a162-dd9096f86f69
06-10-2021,14:22,LANG & SCHWARZ AG,DE0006459324,TDG,XGAT,33,82.2000,EUR,-2712.60,EUR,-2907.64,0.9329,-2.91,,-2907.64,8549a520-8402-462e-beec-93baacbb6706
06-10-2021,14:22,LANG & SCHWARZ AG,DE0006459324,TDG,XGAT,80,82.2000,EUR,-6576.00,EUR,-7048.82,0.9329,-7.05,-4.18,-7053.00,8549a520-8402-462e-beec-93baacbb6706
05-10-2021,16:56,KLA CORP,US4824801009,NDQ,XNAS,16,333.0000,USD,-5328.00,USD,-4945.60,1.0773,-4.95,-0.60,-4946.20,6b40c5bb-cc3f-4ce2-b83d-1e3ab6a2821e
05-10-2021,15:31,AMAZON.COM INC,US0231351067,NDQ,SOHO,2,3210.9500,USD,-6421.90,USD,-5959.24,1.0776,-5.96,-0.55,-5959.79,b0f8d505-82e9-4d4c-bf45-ee3610857f48
05-10-2021,10:54,ZALANDO SE,DE000ZAL1111,XET,XETA,59,78.7000,EUR,-4643.30,EUR,-4988.77,0.9308,-4.99,-6.80,-4995.57,e04fff36-b6f9-4c6b-9384-256a4d4c3a39
04-10-2021,09:26,VANGUARD FTSE ALL-WORLD UCITS ETF USD DIS,IE00B3RBWM25,EAM,XAMS,11,100.3200,EUR,-1103.52,EUR,-1191.58,0.9261,-1.19,,-1191.58,dda8d67d-4c09-44a1-b53f-7cabb8e34b9a
04-10-2021,09:26,AMUNDI NASDAQ-100 SWAP UCITS ETF EUR ACC,LU1681038243,XET,XETA,8,141.3200,EUR,-1130.56,EUR,-1220.78,0.9261,-1.22,-2.53,-1223.31,b1041794-9e1f-40e1-89a1-0cc65eab714d
01-10-2021,13:48,ADVANCED MICRO DEVICES INC,US0079031078,TDG,XGAT,4,89.0800,EUR,-356.32,EUR,-384.68,0.9263,-0.38,,-384.68,04cf4488-44aa-4977-afa8-3a37ca55c93f
01-10-2021,13:48,ADVANCED MICRO DEVICES INC,US0079031078,TDG,XGAT,100,89.1200,EUR,-8912.00,EUR,-9621.40,0.9263,-9.62,-4.21,-9625.61,04cf4488-44aa-4977-afa8-3a37ca55c93f
30-09-2021,21:59,KLA CORP,US4824801009,NDQ,XNAS,-29,335.2100,USD,9721.09,USD,9058.42,1.0732,-9.06,-0.64,9057.78,eaecdabb-b492-4bd6-a744-698cc146a0a0
30-09-2021,21:46,ADVANCED MICRO DEVICES INC,US0079031078,NDQ,ARCX,-103,103.1900,USD,10628.57,USD,9909.97,1.0725,-9.91,-0.92,9909.05,cf3fe6e1-cc72-488c-9898-c7854dcc5d08
30-09-2021,20:50,GAMESTOP CORP CLASS A,US36467W1099,NSY,SOHO,-60,180.0700,USD,10804.20,USD,10079.26,1.0719,-10.08,-0.76,10078.50,2c885781-54a9-4de2-8414-b97dcba3fb3f
30-09-2021,20:45,GAMESTOP CORP CLASS A,US36467W1099,NSY,XNAS,60,178.9000,USD,-10734.00,USD,-10019.03,1.0714,-10.02,-0.76,-10019.79,05290ea4-6894-417e-9375-146951b78a22
30-09-2021,18:50,ADVANCED MICRO DEVICES INC,US0079031078,NDQ,CDED,103,103.5500,USD,-10665.65,USD,-9958.16,1.0710,-9.96,-0.92,-9959.08,bd1ea3ef-696d-4009-a314-af2a048d9fa1
30-09-2021,18:14,NVIDIA CORP,US67066G1040,NDQ,ARCX,-49,207.3500,USD,10160.15,USD,9495.17,1.0700,-9.50,-0.72,9494.45,210cc8ab-276d-4a8c-837c-3a114cd16eb2
30-09-2021,18:11,ADVANCED MICRO DEVICES INC,US0079031078,NDQ,CDED,-104,102.9700,USD,10708.88,USD,10002.92,1.0706,-10.00,-0.93,10001.99,c9bd72b5-7461-4e04-a537-c032fa9a2297
30-09-2021,18:00,AMAZON.COM INC,US0231351067,NDQ,XNAS,-3,3296.0000,USD,9888.00,USD,9234.56,1.0708,-9.23,-0.55,9234.01,76fd587e-fd92-409d-a942-675e4db4d2d6
30-09-2021,17:53,BLACKROCK INC. COMMON,US09247X1019,NSY,XNAS,-12,847.0600,USD,10164.72,USD,9492.94,1.0708,-9.49,-0.58,9492.36,ed646a8d-ca4e-4701-b0aa-211c6e6c8e75
28-09-2021,18:17,ADR ON ALIBABA GROUP HOLDING LTD,US01609W1027,NSY,SOHO,71,150.5600,USD,-10689.76,USD,-9922.23,1.0774,-9.92,-0.80,-9923.03,113eabff-49c9-438d-8218-10ef6b0a7cb2
24-09-2021,09:27,CALL 17.09.21 XIAOMI 26,DE000SD18NA6,FRA,,-1322,0.0001,EUR,0.13,EUR,0.14,0.9241,0.00,,0.14,
23-09-2021,21:46,ADR ON BAIDU INC CLASS A,US0567521085,NDQ,ARCX,37,160.3600,USD,-5933.32,USD,-5483.43,1.0820,-5.48,-0.14,-5483.57,ef7e1a5f-6a52-4cbd-b594-b19a89f99b48
23-09-2021,21:45,ADR ON BAIDU INC CLASS A,US0567521085,NDQ,ARCX,9,160.3600,USD,-1443.24,USD,-1333.87,1.0820,-1.33,-0.03,-1333.90,ef7e1a5f-6a52-4cbd-b594-b19a89f99b48
23-09-2021,21:45,ADR ON BAIDU INC CLASS A,US0567521085,NDQ,ARCX,14,160.3600,USD,-2245.04,USD,-2074.81,1.0820,-2.07,-0.05,-2074.86,ef7e1a5f-6a52-4cbd-b594-b19a89f99b48
23-09-2021,21:45,ADR ON BAIDU INC CLASS A,US0567521085,NDQ,ARCX,7,160.3600,USD,-1122.52,USD,-1037.45,1.0820,-1.04,-0.57,-1038.02,ef7e1a5f-6a52-4cbd-b594-b19a89f99b48
23-09-2021,10:05,AMUNDI NASDAQ-100 SWAP UCITS ETF EUR ACC,LU1681038243,XET,XETA,158,145.7800,EUR,-23033.24,EUR,-24947.33,0.9233,-24.95,-9.66,-24956.99,a8805971-2979-4a8b-84da-aa72fb0bc154
23-09-2021,09:51,LANG & SCHWARZ AG,DE0006459324,TDG,XGAT,159,88.7000,EUR,-14103.30,EUR,-15293.84,0.9222,-15.29,,-15293.84,23f850c3-5235-48cf-822d-fcc335f502dd
23-09-2021,09:51,LANG & SCHWARZ AG,DE0006459324,TDG,XGAT,50,88.7000,EUR,-4435.00,EUR,-4808.87,0.9223,-4.81,-4.23,-4813.10,23f850c3-5235-48cf-822d-fcc335f502dd
23-09-2021,09:48,VANGUARD FTSE ALL-WORLD UCITS ETF USD DIS,IE00B3RBWM25,EAM,XAMS,225,102.3600,EUR,-23031.00,EUR,-24970.23,0.9223,-24.97,-9.67,-24979.90,bfc105c9-7ff5-4ca8-8f42-9eb2feef6578
22-09-2021,21:28,AMAZON.COM INC,US0231351067,NDQ,ARCX,3,3383.6500,USD,-10150.95,USD,-9387.35,1.0813,-9.39,-0.55,-9387.90,c6ac01ac-27d1-40b8-a7f3-02c12bf50ea5
22-09-2021,21:20,ADR ON ASML HOLDING NV,USN070592100,NDQ,ARCX,12,869.7500,USD,-10437.00,USD,-9652.92,1.0812,-9.65,-0.58,-9653.50,b2aef82c-91ea-4b6a-bc7c-2ad64ac19a50
22-09-2021,21:16,NVIDIA CORP,US67066G1040,NDQ,ARCX,49,218.7000,USD,-10716.30,USD,-9919.80,1.0803,-9.92,-0.72,-9920.52,cd706101-24cf-47db-94ff-d8f8664f85fe
22-09-2021,20:19,BLACKROCK INC. COMMON,US09247X1019,NSY,XNAS,12,858.2000,USD,-10298.40,USD,-9500.63,1.0840,-9.50,-0.58,-9501.21,2419008b-c7bd-43e6-aae6-277bdbcc8475
22-09-2021,17:47,ADVANCED MICRO DEVICES INC,US0079031078,NDQ,BATS,104,104.0000,USD,-10816.00,USD,-9978.41,1.0839,-9.98,-0.92,-9979.33,8c26073e-0d88-46fa-8e0a-a50717c011ac
22-09-2021,17:46,KLA CORP,US4824801009,NDQ,BATS,29,363.0000,USD,-10527.00,USD,-9712.62,1.0838,-9.71,-0.65,-9713.27,b727601d-95a4-4b6e-b8dd-8ab62ba7abf0
22-09-2021,17:38,LANG & SCHWARZ AG,DE0006459324,TDG,XGAT,7,87.9000,EUR,-615.30,EUR,-666.31,0.9234,-0.67,,-666.31,96ea46a7-29a8-401e-bacd-07d886c6f3ce
22-09-2021,17:37,LANG & SCHWARZ AG,DE0006459324,TDG,XGAT,40,87.9000,EUR,-3516.00,EUR,-3807.13,0.9235,-3.81,,-3807.13,96ea46a7-29a8-401e-bacd-07d886c6f3ce
22-09-2021,17:36,LANG & SCHWARZ AG,DE0006459324,TDG,XGAT,58,87.9000,EUR,-5098.20,EUR,-5520.34,0.9235,-5.52,-4.23,-5524.57,96ea46a7-29a8-401e-bacd-07d886c6f3ce
22-09-2021,16:52,APPLE INC,US0378331005,NDQ,CDED,-858,144.9010,USD,124325.09,USD,114655.36,1.0843,-114.66,-3.71,114651.65,e58a4ecd-8226-40ec-9842-cee4a31919c1
22-09-2021,16:28,APPLE INC,US0378331005,NDQ,"CDED, MSPL",858,145.1900,USD,-124573.02,USD,-114915.81,1.0840,-114.92,-3.71,-114919.52,ee11ede1-9003-4d7d-8896-f9cf2d96e294
20-09-2021,15:38,DIDI GLOBAL INC. AMERICAN DEPOSITARY SHARES (EACH,US23292E1082,NSY,CDED,-468,8.0000,USD,3744.00,USD,3479.66,1.0760,-3.48,-2.28,3477.38,156ca02c-a415-45d5-83d3-f32b9e769c26
20-09-2021,15:37,ADR ON BAIDU INC CLASS A,US0567521085,NDQ,XNAS,-53,156.8500,USD,8313.05,USD,7727.23,1.0758,-7.73,-0.74,7726.49,4e154847-b102-46a5-8faf-19d01fae372d
20-09-2021,15:37,AMAZON.COM INC,US0231351067,NDQ,CDED,-3,3392.4600,USD,10177.38,USD,9460.49,1.0758,-9.46,-0.55,9459.94,60365a17-9722-4376-b50c-2416c695865c
20-09-2021,15:37,BLOCK INC CLASS A,US8522341036,NSY,CDED,-12,249.1600,USD,2989.92,USD,2779.06,1.0759,-2.78,-0.58,2778.48,6a86398e-04e3-46b0-b904-a4534c1a8eb5
20-09-2021,15:36,MICRON TECHNOLOGY INC,US5951121038,NDQ,"MSPL, SOHO",-102,71.7000,USD,7313.40,USD,6798.02,1.0758,-6.80,-0.92,6797.10,404e71b7-fa5a-40d0-837c-a7c26b031a63
20-09-2021,15:36,KLA CORP,US4824801009,NDQ,SOHO,-23,357.1000,USD,8213.30,USD,7636.16,1.0756,-7.64,-0.63,7635.53,683d79ee-7977-4800-8867-c7459d6473ee
20-09-2021,15:35,ADR ON JD.COM INC CLASS A,US47215P1066,NDQ,CDED,-74,74.2424,USD,5493.94,USD,5107.88,1.0756,-5.11,-0.82,5107.06,8b6e4b54-17a0-4350-930e-cd9d8650becb
20-09-2021,15:34,ADVANCED MICRO DEVICES INC,US0079031078,NDQ,SOHO,-48,101.6900,USD,4881.12,USD,4538.12,1.0756,-4.54,-0.72,4537.40,c5800f83-2e1f-4127-aa9f-34e9825d9b25
20-09-2021,12:19,AMUNDI NASDAQ-100 SWAP UCITS ETF EUR ACC,LU1681038243,XET,XETA,-79,144.8000,EUR,11439.20,EUR,12476.75,0.9168,-12.48,-5.93,12470.82,2af136b4-0fdc-413c-a4aa-43a7bbcf23a3
20-09-2021,12:16,VANGUARD FTSE ALL-WORLD UCITS ETF USD DIS,IE00B3RBWM25,EAM,XAMS,-251,100.6000,EUR,25250.60,EUR,27530.75,0.9172,-27.53,,27530.75,6eaf0055-ac36-4b2c-8c5e-ac6698fe174b
20-09-2021,11:11,ASML HOLDING NV,NL0010273215,EAM,MESI,-6,724.1000,EUR,4344.60,EUR,4741.70,0.9163,-4.74,-6.74,4734.96,5534c8e3-6900-407e-90a2-7686a6696621
20-09-2021,10:17,TENCENT HOLDINGS LTD,KYG875721634,TDG,XGAT,-80,49.4900,EUR,3959.20,EUR,4319.10,0.9167,-4.32,-4.26,4314.84,0eef005f-474d-4cd8-91ac-b727624edd68
20-09-2021,09:24,ARCELORMITTAL SA,LU1598757687,EAM,MESI,-622,26.0200,EUR,16184.44,EUR,17670.19,0.9159,-17.67,-13.21,17656.98,9f8422e6-f945-4a89-8d84-0924fae5c362
17-09-2021,17:58,TMC THE METALS COMPANY INC,CA87261Y1060,NDQ,SOHO,-450,10.9100,USD,4909.50,USD,4570.12,1.0743,-4.57,-2.23,4567.89,139ec1f8-2953-4125-b5af-337539d844b4
17-09-2021,17:54,BLACKSKY TECHNOLOGY INC,US09263B1089,NSY,SOHO,-453,11.4376,USD,5181.25,USD,4823.90,1.0741,-4.82,-2.24,4821.66,2613d626-317e-4df9-a112-9ab363ad7e5e
16-09-2021,20:12,BLACKSKY TECHNOLOGY INC,US09263B1089,NSY,CDED,453,12.0500,USD,-5458.65,USD,-5057.84,1.0792,-5.06,-2.23,-5060.07,b24e9c11-a325-4d64-8298-862288cbb688
16-09-2021,17:20,TMC THE METALS COMPANY INC,CA87261Y1060,NDQ,"CDED, MSPL",450,11.9844,USD,-5393.00,USD,-4990.01,1.0808,-4.99,-2.21,-4992.22,8c7d686a-6a7b-49aa-a559-bccac1c02ed9
16-09-2021,17:15,GAMESTOP CORP CLASS A,US36467W1099,NSY,CDED,-25,213.9000,USD,5347.50,USD,4947.42,1.0809,-4.95,-0.63,4946.79,ece1ae75-982a-4a36-aaea-2696d7353ad3
16-09-2021,17:07,GAMESTOP CORP CLASS A,US36467W1099,NSY,EDGX,25,213.0000,USD,-5325.00,USD,-4926.57,1.0809,-4.93,-0.63,-4927.20,5b12ef1e-797b-4ee5-b5cf-d01fc19a70ff
15-09-2021,19:52,KLA CORP,US4824801009,NDQ,SOHO,15,362.6800,USD,-5440.20,USD,-5004.86,1.0870,-5.00,-0.60,-5005.46,b65436ad-da43-4373-920c-5b8288e7265d
15-09-2021,17:17,LANG & SCHWARZ AG,DE0006459324,TDG,XGAT,-9,85.1000,EUR,765.90,EUR,832.07,0.9205,-0.83,,832.07,d9d9c81a-9362-40be-b674-d7e83d723cc6
15-09-2021,17:16,LANG & SCHWARZ AG,DE0006459324,TDG,XGAT,-100,85.4000,EUR,8540.00,EUR,9278.72,0.9204,-9.28,-4.24,9274.48,d9d9c81a-9362-40be-b674-d7e83d723cc6
15-09-2021,17:01,LANG & SCHWARZ AG,DE0006459324,TDG,XGAT,9,83.9000,EUR,-755.10,EUR,-820.27,0.9206,-0.82,,-820.27,b3651d38-7fbc-4f0a-9c58-6cbed0e52383
15-09-2021,17:01,LANG & SCHWARZ AG,DE0006459324,TDG,XGAT,100,83.9000,EUR,-8390.00,EUR,-9114.07,0.9206,-9.11,-4.24,-9118.31,b3651d38-7fbc-4f0a-9c58-6cbed0e52383
15-09-2021,15:32,ADR ON ALIBABA GROUP HOLDING LTD,US01609W1027,NSY,CDED,-169,156.0100,USD,26365.69,USD,24206.49,1.0892,-24.21,-1.16,24205.33,1fa65114-adc1-48da-9165-0558cfe7b3df
14-09-2021,09:48,BAADER BANK AG,DE0005088108,XET,XETB,-239,6.9000,EUR,1649.10,EUR,1796.86,0.9178,-1.80,-0.90,1795.96,d612ae8b-9fdc-486e-9ad4-36e451071ad5
14-09-2021,09:47,BAADER BANK AG,DE0005088108,XET,XETB,-750,6.9000,EUR,5175.00,EUR,5638.69,0.9178,-5.64,-2.82,5635.87,d612ae8b-9fdc-486e-9ad4-36e451071ad5
14-09-2021,09:47,BAADER BANK AG,DE0005088108,XET,XETB,-673,6.9000,EUR,4643.70,EUR,5059.73,0.9178,-5.06,-6.89,5052.84,d612ae8b-9fdc-486e-9ad4-36e451071ad5
08-09-2021,12:05,TENCENT HOLDINGS LTD,KYG875721634,TDG,XGAT,80,56.8800,EUR,-4550.40,EUR,-4951.29,0.9190,-4.95,-4.25,-4955.54,e94ea2fa-7414-4d4f-a2cc-0e62f7ef9430
01-09-2021,19:46,KLA CORP,US4824801009,NDQ,BATS,8,339.0000,USD,-2712.00,USD,-2481.90,1.0927,-2.48,-0.57,-2482.47,ac395479-9c07-47e2-bbb6-249ecc76b962
30-08-2021,19:47,AMAZON.COM INC,US0231351067,NDQ,ARCX,3,3433.0000,USD,-10299.00,USD,-9440.83,1.0909,-9.44,-0.55,-9441.38,086cb91e-e465-46f9-b76d-121996902e1d
30-08-2021,15:34,ADVANCED MICRO DEVICES INC,US0079031078,NDQ,SOHO,48,113.5700,USD,-5451.36,USD,-4992.35,1.0919,-4.99,-0.72,-4993.07,b05f7868-7494-4850-a3c6-4b7da4183d3e
30-08-2021,15:33,MICRON TECHNOLOGY INC,US5951121038,NDQ,"CDED, MSPL",102,74.4802,USD,-7596.98,USD,-6958.71,1.0917,-6.96,-0.92,-6959.63,2d7077ba-5285-442c-9c81-9f724ed141e1
30-08-2021,10:13,ARCELORMITTAL SA,LU1598757687,EAM,XAMS,434,29.8100,EUR,-12937.54,EUR,-13956.00,0.9270,-13.96,-6.98,-13962.98,5cc83f0f-6a6e-4d45-9d3f-952e06de79cf
30-08-2021,10:12,ARCELORMITTAL SA,LU1598757687,EAM,XAMS,188,29.8100,EUR,-5604.28,EUR,-6044.78,0.9271,-6.04,-7.35,-6052.13,5cc83f0f-6a6e-4d45-9d3f-952e06de79cf
27-08-2021,19:13,SUPPORT.COM INC,US86858W2008,NDQ,CDED,-39,51.9777,USD,2027.13,USD,1847.75,1.0971,-1.85,-0.69,1847.06,f1f6af3c-0d1a-481b-b264-9876ece0167f
27-08-2021,19:11,SUPPORT.COM INC,US86858W2008,NDQ,SOHO,39,53.8500,USD,-2100.15,USD,-1914.26,1.0971,-1.91,-0.68,-1914.94,9d78d814-3e2d-4b37-b6ee-ce528efcebe6
25-08-2021,19:43,ADR ON ALIBABA GROUP HOLDING LTD,US01609W1027,NSY,CDED,131,166.7200,USD,-21840.32,USD,-19960.88,1.0942,-19.96,-1.02,-19961.90,e5d72a04-91b6-43c2-afe2-d4b4a4245c1e
25-08-2021,12:33,LANG & SCHWARZ AG,DE0006459324,XET,XETB,-800,90.0000,EUR,72000.00,EUR,77263.27,0.9319,-77.26,-38.67,77224.60,60356020-ecd1-4708-af0a-89da5722bdbf
25-08-2021,12:32,LANG & SCHWARZ AG,DE0006459324,XET,XETB,-65,90.0000,EUR,5850.00,EUR,6277.06,0.9320,-6.28,-7.44,6269.62,60356020-ecd1-4708-af0a-89da5722bdbf
19-08-2021,09:00,ARCELORMITTAL SA,LU1598757687,EAM,XAMS,-303,28.7500,EUR,8711.25,EUR,9335.60,0.9331,-9.34,-8.97,9326.63,e6993457-6693-47de-ab0c-651d75a50f40
16-08-2021,09:45,ARCELORMITTAL SA,LU1598757687,EAM,XAMS,303,30.5500,EUR,-9256.65,EUR,-9987.01,0.9269,-9.99,-9.32,-9996.33,3a44c44a-47c8-42f1-903f-d78dffe9d1f5
02-08-2021,19:49,ADR ON BAIDU INC CLASS A,US0567521085,NDQ,SOHO,16,167.3480,USD,-2677.57,USD,-2424.86,1.1042,-2.42,-0.60,-2425.46,0a5ddf91-28fd-45aa-9e52-26685afd8d2c
26-07-2021,19:14,ADR ON ALIBABA GROUP HOLDING LTD,US01609W1027,NSY,CDED,14,191.8900,USD,-2686.46,USD,-2458.78,1.0926,-2.46,-0.59,-2459.37,b0ae9881-c6b5-483c-afd6-2373e4e980a7
13-07-2021,16:19,LANG & SCHWARZ AG,DE0006459324,XET,XETB,19,120.0000,EUR,-2280.00,EUR,-2471.75,0.9224,-2.47,-5.58,-2477.33,8ef83f73-f460-4de2-b627-b152e654b663
12-07-2021,12:05,LANG & SCHWARZ AG,DE0006459324,XET,XETB,19,120.4000,EUR,-2287.60,EUR,-2483.19,0.9212,-2.48,-5.59,-2488.78,219fa997-aad8-4daa-a6d2-ce659e5254fa
08-07-2021,18:40,DIDI GLOBAL INC. AMERICAN DEPOSITARY SHARES (EACH,US23292E1082,NSY,CDED,243,11.2160,USD,-2725.50,USD,-2495.15,1.0923,-2.50,-1.42,-2496.57,9a7ad1c7-e96b-4813-aa1c-fb9f1c6482d5
08-07-2021,18:39,ADR ON JD.COM INC CLASS A,US47215P1066,NDQ,CDED,38,70.5200,USD,-2679.76,USD,-2453.20,1.0924,-2.45,-0.68,-2453.88,1a8f0b13-e520-4422-b683-838d5289e16b
08-07-2021,18:39,ADR ON ALIBABA GROUP HOLDING LTD,US01609W1027,NSY,CDED,13,199.9600,USD,-2599.48,USD,-2379.71,1.0924,-2.38,-0.59,-2380.30,91e6b521-2893-4d93-946d-e23190d699ec
08-07-2021,15:30,NVIDIA CORP,US67066G1040,NDQ,CDED,-15,790.0100,USD,11850.15,USD,10846.62,1.0925,-10.85,-0.59,10846.03,8a5a7d2e-2946-479f-a16a-a32942ba5bcb
07-07-2021,21:15,DIDI GLOBAL INC. AMERICAN DEPOSITARY SHARES (EACH,US23292E1082,NSY,"MSPL, SOHO",225,11.9656,USD,-2692.25,USD,-2491.07,1.0808,-2.49,-1.38,-2492.45,1d63778b-c0ab-4ed2-97a2-5340006c8f89
28-06-2021,15:37,ADR ON ALIBABA GROUP HOLDING LTD,US01609W1027,NSY,XNAS,11,230.0000,USD,-2530.00,USD,-2326.46,1.0875,-2.33,-0.59,-2327.05,8e4f4feb-2efe-4892-8795-35ff42b74787
23-06-2021,15:38,ADR ON BAIDU INC CLASS A,US0567521085,NDQ,CDED,14,190.5400,USD,-2667.56,USD,-2444.52,1.0912,-2.44,-0.60,-2445.12,91f4ce58-5ed1-4c99-92ae-04aeb8a3d574
09-06-2021,09:11,LANG & SCHWARZ AG,DE0006459324,XET,XETB,37,124.0000,EUR,-4588.00,EUR,-5011.48,0.9155,-5.01,-6.88,-5018.36,4c4d277b-62b1-434e-8d54-4b4fa9fc5ff9
09-06-2021,09:05,VANGUARD FTSE ALL-WORLD UCITS ETF USD DIS,IE00B3RBWM25,EAM,XAMS,-47,97.2400,EUR,4570.28,EUR,4991.62,0.9156,-4.99,,4991.62,55908924-5c33-46ca-854d-b5496c510187
08-06-2021,16:43,LANG & SCHWARZ AG,DE0006459324,XET,XETB,37,123.0000,EUR,-4551.00,EUR,-4971.06,0.9155,-4.97,-6.86,-4977.92,3c8419ed-35bf-4e22-af3d-ec4dda03d438
08-06-2021,16:22,AMUNDI NASDAQ-100 SWAP UCITS ETF EUR ACC,LU1681038243,XET,XETA,-36,126.8600,EUR,4566.96,EUR,4987.12,0.9158,-4.99,-3.69,4983.43,e4ce11fa-0cfb-419b-90c2-61839f0b5538
02-06-2021,14:05,LANG & SCHWARZ AG,DE0006459324,XET,XETB,17,129.0000,EUR,-2193.00,EUR,-2407.26,0.9110,-2.41,-5.60,-2412.86,7a6ee152-237e-4e2f-9873-790d2095999b
01-06-2021,15:39,ADR ON JD.COM INC CLASS A,US47215P1066,NDQ,CDED,36,76.8500,USD,-2766.60,USD,-2483.99,1.1138,-2.48,-0.68,-2484.67,be2533c2-a929-499d-9111-3618186c12f9
31-05-2021,09:27,"TURBOL O.END PLATIN 1025,29",DE000NG35TT1,FRA,FRAB,-320,1.7000,EUR,544.00,EUR,597.15,0.9110,-0.60,-2.86,594.29,77a44a69-34b9-42eb-a9f1-e60da65876f4
20-05-2021,13:45,PUT 21.01.22 COIN 320,DE000VQ61332,FRA,FRAB,-143,9.5000,EUR,1358.50,EUR,1492.45,0.9102,-1.49,-3.84,1488.61,90d6c65b-a7eb-4bde-b989-de2b45a9f934
19-05-2021,15:17,PUT 21.01.22 COIN 320,DE000VQ61332,FRA,FRAB,143,10.1600,EUR,-1452.88,EUR,-1598.75,0.9088,-1.60,-3.96,-1602.71,5e5ad9d1-d21a-44c3-bb6b-633833116cc6
17-05-2021,09:54,LANG & SCHWARZ AG,DE0006459324,XET,XETB,112,123.0000,EUR,-13776.00,EUR,-15083.41,0.9133,-15.08,-11.93,-15095.34,de7c476e-04ab-4d08-889f-6e39a06a679e
17-05-2021,09:51,ISHARES AUTOMATION & ROBOTICS UCITS ETF USD A,IE00BYZK4552,XET,XETA,-1399,9.7020,EUR,13573.10,EUR,14861.20,0.9133,-14.86,,14861.20,c115a84a-aba4-43ad-98ec-aae5839a8e9b
13-05-2021,14:43,LANG & SCHWARZ AG,DE0006459324,XET,XETB,38,117.6000,EUR,-4468.80,EUR,-4899.60,0.9121,-4.90,-6.84,-4906.44,425e8de8-8cae-4ff2-93ad-9684ad95e64b
13-05-2021,10:22,OE PART.Z17(18/UNL.) BITCOIN,DE000VL3TBC7,FRA,FRAB,-4,3922.0000,EUR,15688.00,EUR,17205.05,0.9118,-17.21,-21.14,17183.91,eef9952a-d73c-4ee9-8e24-3f18b0df6b17
12-04-2021,19:41,NVIDIA CORP,US67066G1040,NDQ,BATS,5,599.2500,USD,-2996.25,USD,-2763.88,1.0841,-2.76,-0.57,-2764.45,2cf8a220-29a0-4e7c-a753-a6586c4e529d
12-04-2021,10:21,LANG & SCHWARZ AG,DE0006459324,XET,XETB,22,119.0000,EUR,-2618.00,EUR,-2876.66,0.9101,-2.88,-5.84,-2882.50,2018ceac-6c68-4834-a9f3-d802a1cc0c02
08-04-2021,21:45,ADR ON BAIDU INC CLASS A,US0567521085,NDQ,CDED,23,226.4800,USD,-5209.04,USD,-4814.64,1.0819,-4.81,-0.64,-4815.28,0ff19d3d-591c-4018-a3f6-d2147c703d20
01-04-2021,16:18,LANG & SCHWARZ AG,DE0006459324,XET,XETB,36,130.0000,EUR,-4680.00,EUR,-5194.34,0.9010,-5.19,-7.04,-5201.38,b46d5ec7-ba88-48f4-aa05-7589a191c939
01-04-2021,11:17,LANG & SCHWARZ AG,DE0006459324,XET,XETB,8,125.2000,EUR,-1001.60,EUR,-1113.48,0.8995,-1.11,-0.56,-1114.04,31038926-f9e7-4746-8393-f911345f083d
01-04-2021,11:16,LANG & SCHWARZ AG,DE0006459324,XET,XETB,27,125.2000,EUR,-3380.40,EUR,-3757.66,0.8996,-3.76,-6.33,-3763.99,31038926-f9e7-4746-8393-f911345f083d
29-03-2021,09:05,BAADER BANK AG,DE0005088108,XET,XETB,579,7.8000,EUR,-4516.20,EUR,-4997.18,0.9037,-5.00,-6.93,-5004.11,7fa8eb32-8597-4ae6-a9a7-260ade11d517
26-03-2021,09:02,LANG & SCHWARZ AG,DE0006459324,XET,XETB,36,118.0000,EUR,-4248.00,EUR,-4711.04,0.9017,-4.71,-6.80,-4717.84,0933ebe8-76b0-48d0-86a7-e4be2b80f00a
24-03-2021,19:44,PERSHING SQUARE TONTINE HOLDINGS LTD. CLASS A COM,US71531R1095,NSY,SOHO,-570,24.3200,USD,13862.40,USD,12966.63,1.0691,-12.97,-2.68,12963.95,7eaa3c47-34ca-4204-9e24-8de1900bd318
24-03-2021,19:41,TELADOC HEALTH INC,US87918A1051,NSY,CDED,-3,181.4400,USD,544.32,USD,509.14,1.0691,-0.51,-0.56,508.58,f446a7b9-4721-4c7d-87cf-d033b202cefa
24-03-2021,19:40,PACIFIC BIOSCIENCES OF CALIFORNIA INC,US69404D1081,NDQ,CDED,-44,29.7300,USD,1308.12,USD,1223.58,1.0691,-1.22,-0.71,1222.87,f61cb04f-4dfa-4e99-9177-f86ef1ae53d4
24-03-2021,19:40,ADR ON MATERIALISE NV,US57667T1007,NDQ,CDED,-35,34.4400,USD,1205.40,USD,1127.30,1.0693,-1.13,-0.68,1126.62,528170a6-a6ee-444f-9b33-f69a66b58774
24-03-2021,19:40,INVITAE CORPORATION CO,US46185L1035,NSY,SOHO,-40,36.4600,USD,1458.40,USD,1363.91,1.0693,-1.36,-0.70,1363.21,db536609-f17d-4b45-8a0f-7ba91ab29758
24-03-2021,19:40,INTELLIA THERAPEUTICS INC,US45826J1051,NDQ,SOHO,-23,60.4300,USD,1389.89,USD,1299.84,1.0693,-1.30,-0.64,1299.20,565ed9be-c816-4e43-a272-219c2f84d6ee
24-03-2021,19:39,CRISPR THERAPEUTICS AG,CH0334081137,NDQ,CDED,-18,116.0300,USD,2088.54,USD,1953.23,1.0693,-1.95,-0.62,1952.61,2a660262-ce8b-456b-8cfd-f4929b04b4bd
24-03-2021,16:38,LANG & SCHWARZ AG,DE0006459324,XET,XETB,21,124.0000,EUR,-2604.00,EUR,-2882.89,0.9033,-2.88,-5.87,-2888.76,6cda196b-bf3a-4ec0-aaac-f1b870680d46
23-03-2021,20:29,TESLA INC,US88160R1014,NDQ,CDED,-11,660.4191,USD,7264.61,USD,6779.58,1.0715,-6.78,-0.59,6778.99,918cae39-5f14-470f-979b-f0db52e95b4f
23-03-2021,17:30,LANG & SCHWARZ AG,DE0006459324,XET,XETB,35,128.0000,EUR,-4480.00,EUR,-4958.92,0.9034,-4.96,-6.91,-4965.83,6b8e5789-2d9c-4bc3-bb2f-223de486fa06
23-03-2021,17:30,JAWS SPITFIRE ACQUISITION CORPORATION CLASS A ORDI,KYG507401027,NSY,"BATS, MEMX, XNAS",-505,10.1000,USD,5100.50,USD,4758.42,1.0719,-4.76,-1.89,4756.53,207739d1-69a1-4a35-8866-60ffc4994c9f
23-03-2021,17:27,LANG & SCHWARZ AG,DE0006459324,XET,XETB,51,128.0000,EUR,-6528.00,EUR,-7226.50,0.9033,-7.23,-8.05,-7234.55,b354f805-f560-4749-8eef-22263660847a
23-03-2021,17:26,QELL ACQUISITION CORP. - CLASS A ORDINARY SHARES,KYG7307X1051,NDQ,"CDED, MSPL",-724,10.1500,USD,7348.60,USD,6856.49,1.0718,-6.86,-3.26,6853.23,c9ad2c7b-24af-4d83-ad06-470865928db7
23-03-2021,17:12,BAADER BANK AG,DE0005088108,XET,XETB,536,8.1000,EUR,-4341.60,EUR,-4807.46,0.9031,-4.81,-2.41,-4809.87,b5bf3eb3-7d48-4ce0-9d23-45ed021e1899
23-03-2021,17:12,JAWS SPITFIRE ACQUISITION CORPORATION CLASS A ORDI,KYG507401027,NSY,"EDGX, XNAS",-200,10.1000,USD,2020.00,USD,1885.13,1.0715,-1.89,-1.29,1883.84,207739d1-69a1-4a35-8866-60ffc4994c9f
23-03-2021,16:45,BAADER BANK AG,DE0005088108,XET,XETB,218,7.9000,EUR,-1722.20,EUR,-1907.34,0.9029,-1.91,-5.38,-1912.72,b5bf3eb3-7d48-4ce0-9d23-45ed021e1899
23-03-2021,16:43,MICROVISION INC,US5949603048,NDQ,CDED,-405,16.2400,USD,6577.20,USD,6138.73,1.0714,-6.14,-2.06,6136.67,31a640e5-ab3d-4ccf-88ff-49b3db83170e
22-03-2021,19:07,MICROVISION INC,US5949603048,NDQ,"ARCX, XNAS",405,18.5500,USD,-7512.75,USD,-6935.60,1.0832,-6.94,-2.05,-6937.65,c3f191e8-7354-4630-8ec6-44d6a767a014
22-03-2021,19:06,AJAX I CLASS A ORDINARY SHARES,KYG0190X1007,NSY,"CDED, MSPL",-730,10.3000,USD,7519.04,USD,6942.50,1.0830,-6.94,-3.24,6939.26,0e32e56d-f669-499d-8a3d-dc52e4b9458c
19-03-2021,09:23,BAADER BANK AG,DE0005088108,XET,XETB,329,8.9000,EUR,-2928.10,EUR,-3234.68,0.9052,-3.23,-6.04,-3240.72,81bfd24a-fba4-4e07-b37c-3ee73a1abed6
19-03-2021,09:21,GRANDE WEST TRANSPORT.GRP,CA38656C1005,FRA,FRAB,-1700,1.6200,EUR,2754.00,EUR,3042.07,0.9053,-3.04,-11.03,3031.04,915b716c-2c0b-40a8-b242-a3fdf70064ac
17-03-2021,09:02,LANG & SCHWARZ AG,DE0006459324,XET,XETB,54,133.5000,EUR,-7209.00,EUR,-7945.05,0.9074,-7.95,-8.39,-7953.44,9ae42b28-235b-47c9-8d90-8739f8f97064
16-03-2021,17:44,TUSCAN HOLDINGS CORP. - COMMON STOCK,US90069K1043,NDQ,CDED,-627,14.6700,USD,9198.09,USD,8517.73,1.0799,-8.52,-2.87,8514.86,adfffdd8-bffd-4747-9fa0-949902b18b5e
16-03-2021,16:22,LANG & SCHWARZ AG,DE0006459324,XET,XETB,121,131.5000,EUR,-15911.50,EUR,-17524.94,0.9079,-17.52,-13.18,-17538.12,ab55863a-c1d5-4abb-a6e4-df83cc115883
16-03-2021,16:20,SCVX CORP. CLASS A ORDINARY SHARES,KYG794482086,NSY,CDED,-1611,9.9600,USD,16045.56,USD,14860.21,1.0798,-14.86,-5.97,14854.24,ad510426-75f8-4f4d-ac87-c0f2e20e55ee
16-03-2021,16:20,SCVX CORP. CLASS A ORDINARY SHARES,KYG794482086,NSY,XNAS,-100,9.9700,USD,997.00,USD,923.35,1.0798,-0.92,-0.37,922.98,ad510426-75f8-4f4d-ac87-c0f2e20e55ee
16-03-2021,16:18,SCVX CORP. CLASS A ORDINARY SHARES,KYG794482086,NSY,XNAS,-38,9.9700,USD,378.86,USD,350.89,1.0797,-0.35,-0.69,350.20,ad510426-75f8-4f4d-ac87-c0f2e20e55ee
16-03-2021,15:03,LANG & SCHWARZ AG,DE0006459324,XET,XETB,175,129.0000,EUR,-22575.00,EUR,-24879.86,0.9074,-24.88,-16.86,-24896.72,8c9d8a49-ea1b-437a-9eca-c3ad7b34b568
16-03-2021,15:02,COHN ROBBINS HOLDINGS CORP. CLASS A ORDINARY SHARE,KYG237261055,NSY,CDED,-819,10.1900,USD,8345.61,USD,7725.27,1.0803,-7.73,-3.59,7721.68,4d141789-995c-496a-94b9-5adb44aa4c66
16-03-2021,15:01,FAR PEAK ACQUISITION CORP-A,KYG3312L1032,NSY,CDED,-1839,9.9800,USD,18353.22,USD,16990.05,1.0802,-16.99,-7.36,16982.69,cf18f0fd-a7a7-4dc0-8b59-1b89305788d3
11-03-2021,16:33,JAWS SPITFIRE ACQUISITION CORPORATION CLASS A ORDI,KYG507401027,NSY,CDED,705,10.7900,USD,-7606.95,USD,-7052.59,1.0786,-7.05,-3.17,-7055.76,53951c4d-447d-480e-8480-96ca93aaef35
09-03-2021,16:23,TESLA INC,US88160R1014,NDQ,SOHO,11,628.5600,USD,-6914.16,USD,-6432.00,1.0750,-6.43,-0.59,-6432.59,2fa6913f-f59e-42ce-82ca-a780459e2779
05-03-2021,21:35,TUSCAN HOLDINGS CORP. - COMMON STOCK,US90069K1043,NDQ,CDED,627,13.6280,USD,-8544.78,USD,-7951.51,1.0746,-7.95,-2.89,-7954.40,9b68a6e4-2bea-45d9-be93-8ed33f66b7d8
05-03-2021,21:34,E.MERGE TECHNOLOGY ACQUISITION CORP. - CLASS A COM,US26873Y1047,NDQ,CDED,-850,9.9729,USD,8477.00,USD,7888.96,1.0745,-7.89,-3.71,7885.25,d2282a8f-665e-40f8-beed-7a8d24aaec0c
05-03-2021,19:33,QELL ACQUISITION CORP. - CLASS A ORDINARY SHARES,KYG7307X1051,NDQ,"BATS, CDED,",724,10.3800,USD,-7515.12,USD,-6993.34,1.0746,-6.99,-3.23,-6996.57,60022d8f-1d4c-4093-b4dc-1a3f29991ecd
,,,,,XNAS,,,,,,,,,,,
05-03-2021,19:32,GS ACQUISITION HOLDINGS CORP II CLASS A COMMON STO,US36258Q1058,NSY,CDED,-253,10.7376,USD,2716.62,USD,2527.90,1.0747,-2.53,-1.49,2526.41,bc6d3d1c-7260-4474-aa46-f56b8f09363b
05-03-2021,19:31,ZANITE ACQUISITION CORP. - CLASS A COMMON STOCK,US98907K1034,NDQ,CDED,-446,10.2578,USD,4575.00,USD,4256.72,1.0748,-4.26,-2.21,4254.51,9c61127f-92a8-4327-857f-1ad6f3e0a91b
03-03-2021,18:26,ROCKET COMPANIES INC CLASS A,US77311W1018,NSY,CDED,-58,29.9000,USD,1734.20,USD,1592.20,1.0892,-1.59,-0.77,1591.43,9845f706-bd7e-4b65-86b2-5768f229c6b8
02-03-2021,20:49,ROCKET COMPANIES INC CLASS A,US77311W1018,NSY,BATS,58,37.5000,USD,-2175.00,USD,-1988.52,1.0938,-1.99,-0.76,-1989.28,35dab821-f106-4026-89c4-7be2afc26b8d
01-03-2021,10:38,VANGUARD FTSE ALL-WORLD UCITS ETF USD DIS,IE00B3RBWM25,EAM,XAMS,7,91.0500,EUR,-637.35,EUR,-698.85,0.9120,-0.70,,-698.85,ce9ff24c-a981-4109-b409-cbd6a89df56e
01-03-2021,10:37,ISHARES AUTOMATION & ROBOTICS UCITS ETF USD A,IE00BYZK4552,XET,XETA,66,10.2500,EUR,-676.50,EUR,-741.78,0.9120,-0.74,-2.42,-744.20,7c5e762e-3dc6-4bdc-9864-1ff13191d054
01-03-2021,10:37,AMUNDI NASDAQ-100 SWAP UCITS ETF EUR ACC,LU1681038243,XET,XETA,5,121.2200,EUR,-606.10,EUR,-664.59,0.9120,-0.66,-2.40,-666.99,8271ee09-b53e-4622-9193-4e84324ce715
24-02-2021,18:13,PERSHING SQUARE TONTINE HOLDINGS LTD. CLASS A COM,US71531R1095,NSY,XNAS,167,29.7000,USD,-4959.90,USD,-4500.58,1.1021,-4.50,-1.15,-4501.73,372f1afb-61d4-436a-80b7-93c1b377001b
23-02-2021,21:35,CHURCHILL CAPITAL CORP IV CLASS A COMMON STOCK,US1714391026,NSY,CDED,-297,35.5468,USD,10557.41,USD,9556.62,1.1047,-9.56,-1.62,9555.00,cd434117-6ba8-40bd-945e-87df22801a44
22-02-2021,16:49,PERSHING SQUARE TONTINE HOLDINGS LTD. CLASS A COM,US71531R1095,NSY,SOHO,223,29.8800,USD,-6663.24,USD,-5969.39,1.1162,-5.97,-1.34,-5970.73,c743834b-5642-41d8-829d-bb1a303b3c70
19-02-2021,20:57,SCVX CORP. CLASS A ORDINARY SHARES,KYG794482086,NSY,"CDED, MSPL",986,11.3000,USD,-11141.80,USD,-9992.00,1.1151,-9.99,-4.09,-9996.09,23e94038-395c-4d89-a00e-3d224c8a77c4
18-02-2021,20:39,GS ACQUISITION HOLDINGS CORP II CLASS A COMMON STO,US36258Q1058,NSY,CDED,253,13.3000,USD,-3364.90,USD,-3015.97,1.1157,-3.02,-1.45,-3017.42,46aed84a-85ce-4ea6-aaf4-96db4b5736aa
16-02-2021,20:51,SCVX CORP. CLASS A ORDINARY SHARES,KYG794482086,NSY,"MSPL, SOHO",763,11.0061,USD,-8397.63,USD,-7490.75,1.1211,-7.49,-3.27,-7494.02,686a1be5-5dde-4539-b93c-f0a7661dac9c
16-02-2021,20:05,CHURCHILL CAPITAL CORP IV CLASS A COMMON STOCK,US1714391026,NSY,SOHO,-300,50.0000,USD,15000.00,USD,13381.37,1.1210,-13.38,-1.61,13379.76,b46a9a18-991f-425a-b76f-04332a0b0dad
16-02-2021,19:34,ZANITE ACQUISITION CORP. - CLASS A COMMON STOCK,US98907K1034,NDQ,CDED,446,12.6291,USD,-5632.56,USD,-5025.41,1.1208,-5.03,-2.13,-5027.54,7ee19103-98a9-423d-8a14-62c0ed495ec7
16-02-2021,19:33,PERSHING SQUARE TONTINE HOLDINGS LTD. CLASS A COM,US71531R1095,NSY,"CDED, MSPL",180,30.9600,USD,-5572.80,USD,-4972.10,1.1208,-4.97,-1.19,-4973.29,ab226238-f490-41f5-b63a-048239284e6a
16-02-2021,15:41,FUSION ACQUISITION CORP. CLASS A COMMON STOCK,US36118H1059,NSY,ARCX,-729,11.3000,USD,8237.70,USD,7350.44,1.1207,-7.35,-3.17,7347.27,30f40a64-92c6-4fc5-9d9b-01d975310e10
16-02-2021,15:31,PERIDOT ACQUISITION CORP. CLASS A ORDINARY SHARES,KYG7008A1159,NSY,XNYS,-714,15.5700,USD,11116.98,USD,9917.68,1.1209,-9.92,-3.09,9914.59,42d7104e-7c9d-4d00-a1cb-c231077f8fcf
15-02-2021,15:49,CALL 17.09.21 XIAOMI 26,DE000SD18NA6,FRA,FRAB,1322,0.7200,EUR,-951.84,EUR,-1027.70,0.9262,-1.03,-3.29,-1030.99,1b30143b-8da2-477d-9fb8-1051fa7d0493
09-02-2021,15:54,CHURCHILL CAPITAL CORP IV CLASS A COMMON STOCK,US1714391026,NSY,ARCX,52,31.0000,USD,-1612.00,USD,-1440.89,1.1188,-1.44,-0.19,-1441.08,ed442a1b-4f6a-42bf-a072-541b21b791b3
09-02-2021,15:49,CHURCHILL CAPITAL CORP IV CLASS A COMMON STOCK,US1714391026,NSY,ARCX,200,31.0000,USD,-6200.00,USD,-5540.98,1.1189,-5.54,-1.26,-5542.24,ed442a1b-4f6a-42bf-a072-541b21b791b3
08-02-2021,17:00,FAR PEAK ACQUISITION CORP-A,KYG3312L1032,NSY,SOHO,1000,10.6500,USD,-10650.00,USD,-9573.30,1.1125,-9.57,-4.14,-9577.44,1547f3ad-feae-4ab0-9813-00ca84cae008
08-02-2021,16:16,TORTOISE ACQUISITION CORP. II CLASS A ORDINARY SHA,KYG895541020,NSY,"CDED, MSPL",-741,17.1400,USD,12700.74,USD,11412.87,1.1128,-11.41,-3.21,11409.66,2df2ca05-da6e-4b91-bb00-595cc20d5fcd
08-02-2021,15:58,VG ACQUISITION CORP. CLASS A ORDINARY SHARES,KYG9446E1052,NSY,CDED,-494,15.9700,USD,7889.18,USD,7090.85,1.1126,-7.09,-2.32,7088.53,63fc34ac-47d1-4475-bbcc-247d2ee36f67
04-02-2021,19:52,CRISPR THERAPEUTICS AG,CH0334081137,NDQ,ARCX,3,168.7000,USD,-506.10,USD,-457.48,1.1063,-0.46,-0.55,-458.03,88577ecc-1f5b-4aa9-a0f6-3c4ba4f99398
04-02-2021,19:52,GAMESTOP CORP CLASS A,US36467W1099,NSY,SOHO,-10,61.2400,USD,612.40,USD,553.62,1.1062,-0.55,-0.58,553.04,301f9860-7ecf-4321-86ab-59482656e611
04-02-2021,15:01,ISHARES AUTOMATION & ROBOTICS UCITS ETF USD A,IE00BYZK4552,XET,XETA,1333,10.3814,EUR,-13838.41,EUR,-14966.49,0.9246,-14.97,-6.67,-14973.16,2face443-42e7-48ea-a479-a45c26138df5
04-02-2021,14:52,VANGUARD FTSE ALL-WORLD UCITS ETF USD DIS,IE00B3RBWM25,EAM,XAMS,-75,91.1200,EUR,6834.00,EUR,7393.71,0.9243,-7.39,-2.22,7391.49,b22eed64-5788-4eb7-9525-befb8d25f1fc
04-02-2021,14:51,VANGUARD FTSE ALL-WORLD UCITS ETF USD DIS,IE00B3RBWM25,EAM,XAMS,-10,91.1200,EUR,911.20,EUR,985.83,0.9243,-0.99,-0.30,985.53,b22eed64-5788-4eb7-9525-befb8d25f1fc
04-02-2021,14:50,VANGUARD FTSE ALL-WORLD UCITS ETF USD DIS,IE00B3RBWM25,EAM,XAMS,-10,91.1200,EUR,911.20,EUR,985.83,0.9243,-0.99,-0.30,985.53,b22eed64-5788-4eb7-9525-befb8d25f1fc
04-02-2021,14:50,VANGUARD FTSE ALL-WORLD UCITS ETF USD DIS,IE00B3RBWM25,EAM,XAMS,-1,91.1200,EUR,91.12,EUR,98.58,0.9243,-0.10,-0.03,98.55,b22eed64-5788-4eb7-9525-befb8d25f1fc
04-02-2021,14:50,VANGUARD FTSE ALL-WORLD UCITS ETF USD DIS,IE00B3RBWM25,EAM,XAMS,-3,91.1200,EUR,273.36,EUR,295.75,0.9243,-0.30,-0.09,295.66,b22eed64-5788-4eb7-9525-befb8d25f1fc
04-02-2021,14:50,VANGUARD FTSE ALL-WORLD UCITS ETF USD DIS,IE00B3RBWM25,EAM,XAMS,-3,91.1200,EUR,273.36,EUR,295.72,0.9244,-0.30,-0.09,295.63,b22eed64-5788-4eb7-9525-befb8d25f1fc
04-02-2021,14:50,VANGUARD FTSE ALL-WORLD UCITS ETF USD DIS,IE00B3RBWM25,EAM,XAMS,-7,91.1200,EUR,637.84,EUR,690.02,0.9244,-0.69,-0.21,689.81,b22eed64-5788-4eb7-9525-befb8d25f1fc
04-02-2021,14:48,VANGUARD FTSE ALL-WORLD UCITS ETF USD DIS,IE00B3RBWM25,EAM,XAMS,-2,91.1200,EUR,182.24,EUR,197.13,0.9245,-0.20,-0.06,197.07,b22eed64-5788-4eb7-9525-befb8d25f1fc
04-02-2021,14:46,VANGUARD FTSE ALL-WORLD UCITS ETF USD DIS,IE00B3RBWM25,EAM,XAMS,-3,91.1200,EUR,273.36,EUR,295.67,0.9246,-0.30,-0.09,295.58,b22eed64-5788-4eb7-9525-befb8d25f1fc
04-02-2021,14:46,VANGUARD FTSE ALL-WORLD UCITS ETF USD DIS,IE00B3RBWM25,EAM,XAMS,-1,91.1200,EUR,91.12,EUR,98.56,0.9246,-0.10,-0.03,98.53,b22eed64-5788-4eb7-9525-befb8d25f1fc
04-02-2021,14:46,VANGUARD FTSE ALL-WORLD UCITS ETF USD DIS,IE00B3RBWM25,EAM,XAMS,-1,91.1200,EUR,91.12,EUR,98.56,0.9246,-0.10,-0.03,98.53,b22eed64-5788-4eb7-9525-befb8d25f1fc
04-02-2021,14:44,VANGUARD FTSE ALL-WORLD UCITS ETF USD DIS,IE00B3RBWM25,EAM,XAMS,-21,91.1200,EUR,1913.52,EUR,2069.47,0.9246,-2.07,-0.62,2068.85,b22eed64-5788-4eb7-9525-befb8d25f1fc
04-02-2021,14:44,VANGUARD FTSE ALL-WORLD UCITS ETF USD DIS,IE00B3RBWM25,EAM,XAMS,-4,91.1200,EUR,364.48,EUR,394.19,0.9246,-0.39,-0.12,394.07,b22eed64-5788-4eb7-9525-befb8d25f1fc
04-02-2021,14:43,VANGUARD FTSE ALL-WORLD UCITS ETF USD DIS,IE00B3RBWM25,EAM,XAMS,-11,91.1200,EUR,1002.32,EUR,1084.11,0.9246,-1.08,-2.50,1081.61,b22eed64-5788-4eb7-9525-befb8d25f1fc
03-02-2021,21:20,NVIDIA CORP,US67066G1040,NDQ,ARCX,10,542.5000,USD,-5425.00,USD,-4878.72,1.1120,-4.88,-0.58,-4879.30,51e2108f-6d48-47b5-9e1c-e07dc30c86cf
03-02-2021,21:13,VG ACQUISITION CORP. CLASS A ORDINARY SHARES,KYG9446E1052,NSY,ARCX,464,13.4900,USD,-6259.36,USD,-5629.05,1.1120,-5.63,-1.67,-5630.72,c53f5324-7fe0-4231-8e69-773b4cbd482e
03-02-2021,21:13,VG ACQUISITION CORP. CLASS A ORDINARY SHARES,KYG9446E1052,NSY,ARCX,30,13.4900,USD,-404.70,USD,-363.94,1.1120,-0.36,-0.65,-364.59,c53f5324-7fe0-4231-8e69-773b4cbd482e
02-02-2021,20:12,FUSION ACQUISITION CORP. CLASS A COMMON STOCK,US36118H1059,NSY,"CDED, MSPL",729,11.9500,USD,-8711.55,USD,-7830.82,1.1125,-7.83,-3.16,-7833.98,1c51ab01-a963-4f0a-b154-597bcfcb30e3
02-02-2021,17:47,GAMESTOP CORP CLASS A,US36467W1099,NSY,CDED,10,128.2500,USD,-1282.50,USD,-1152.87,1.1124,-1.15,-0.58,-1153.45,bd7b9eb8-a035-4620-a025-765787a904f8
02-02-2021,17:09,PERIDOT ACQUISITION CORP. CLASS A ORDINARY SHARES,KYG7008A1159,NSY,SOHO,714,12.5000,USD,-8925.00,USD,-8018.23,1.1131,-8.02,-3.11,-8021.34,2713aeb2-48c0-4d70-8af1-0f5e52d73a97
02-02-2021,17:05,COHN ROBBINS HOLDINGS CORP. CLASS A ORDINARY SHARE,KYG237261055,NSY,SOHO,819,10.8700,USD,-8902.53,USD,-7998.94,1.1130,-8.00,-3.49,-8002.43,d64ec200-83ef-443e-9327-e01179d27316
02-02-2021,17:05,AJAX I CLASS A ORDINARY SHARES,KYG0190X1007,NSY,SOHO,730,12.1250,USD,-8851.25,USD,-7952.86,1.1130,-7.95,-3.17,-7956.03,7bfc1af1-3c32-4fb2-a505-53e7a3439252
02-02-2021,17:04,E.MERGE TECHNOLOGY ACQUISITION CORP. - CLASS A COM,US26873Y1047,NDQ,"ARCX, BATS",150,10.4700,USD,-1570.50,USD,-1411.25,1.1128,-1.41,-0.54,-1411.79,3e441b22-b322-48cf-a100-1305424ca12f
02-02-2021,17:03,E.MERGE TECHNOLOGY ACQUISITION CORP. - CLASS A COM,US26873Y1047,NDQ,XNAS,100,10.4700,USD,-1047.00,USD,-940.83,1.1128,-0.94,-0.36,-941.19,3e441b22-b322-48cf-a100-1305424ca12f
02-02-2021,17:03,E.MERGE TECHNOLOGY ACQUISITION CORP. - CLASS A COM,US26873Y1047,NDQ,XNAS,100,10.4700,USD,-1047.00,USD,-940.91,1.1128,-0.94,-0.36,-941.27,3e441b22-b322-48cf-a100-1305424ca12f
02-02-2021,17:03,FAR PEAK ACQUISITION CORP-A,KYG3312L1032,NSY,"CDED, MSPL",839,10.5700,USD,-8868.23,USD,-7969.89,1.1127,-7.97,-3.56,-7973.45,d93ffc92-5ae8-403b-9044-a850e44e9799
02-02-2021,17:02,TORTOISE ACQUISITION CORP. II CLASS A ORDINARY SHA,KYG895541020,NSY,CDED,741,11.9700,USD,-8869.77,USD,-7970.39,1.1128,-7.97,-3.21,-7973.60,fea60ccc-f3af-45e8-b126-f4ecee177952
02-02-2021,17:02,E.MERGE TECHNOLOGY ACQUISITION CORP. - CLASS A COM,US26873Y1047,NDQ,"ARCX, BATS, XNAS",500,10.4700,USD,-5235.00,USD,-4704.18,1.1128,-4.70,-2.34,-4706.52,3e441b22-b322-48cf-a100-1305424ca12f
02-02-2021,14:51,VANGUARD FTSE ALL-WORLD UCITS ETF USD DIS,IE00B3RBWM25,EAM,XAMS,154,90.0500,EUR,-13867.70,EUR,-14993.77,0.9249,-14.99,,-14993.77,16c4adc7-5d7e-49bc-9343-528308a7084f
02-02-2021,08:10,GAMESTOP CORP. A,US36467W1099,FRA,FRAB,-505,145.0000,EUR,73225.00,EUR,79266.14,0.9238,-79.27,-79.54,79186.60,1cde2206-594a-44b7-a036-fc32e7e3fb35
29-01-2021,16:03,GAMESTOP CORP. A,US36467W1099,FRA,FRAB,5,250.0000,EUR,-1250.00,EUR,-1349.63,0.9262,-1.35,-9.33,-1358.96,405a97ba-2b69-48ee-9b30-3d16f734aa47
28-01-2021,17:08,GAMESTOP CORP. A,US36467W1099,FRA,FRAB,4,200.0000,EUR,-800.00,EUR,-861.84,0.9282,-0.86,-8.87,-870.71,9f4057ed-7110-40e2-85bd-15538ef2daa7
25-01-2021,13:57,GAMESTOP CORP. A,US36467W1099,FRA,FRAB,123,76.6000,EUR,-9421.80,EUR,-10151.06,0.9282,-10.15,-17.24,-10168.30,5ea81c36-223f-4d0b-b692-8005444ae862
25-01-2021,13:42,VANGUARD FTSE ALL-WORLD UCITS ETF USD DIS,IE00B3RBWM25,EAM,XAMS,-153,90.2688,EUR,13811.13,EUR,14875.65,0.9284,-14.88,-6.64,14869.01,5ae1b2fc-baeb-4f76-ab76-8bf507ed8d0b
25-01-2021,12:36,GAMESTOP CORP. A,US36467W1099,FRA,FRAB,96,79.2800,EUR,-7610.88,EUR,-8203.01,0.9278,-8.20,-15.48,-8218.49,ac64c129-fa52-42bd-ae5d-920682de8430
25-01-2021,11:40,AIRBUS SE,NL0000235190,XET,XETA,-85,86.8700,EUR,7383.95,EUR,7959.91,0.9276,-7.96,-8.30,7951.61,338a2a6e-45f4-469f-92b4-246fd76a0d1c
25-01-2021,08:27,"MOWI ASA           NK 7,5",NO0003054108,FRA,FRAB,-134,18.0400,EUR,2417.36,EUR,2605.43,0.9278,-2.61,-10.44,2594.99,88a06da2-25d9-4b96-855a-1a77b7e3468d
25-01-2021,08:11,GAMESTOP CORP. A,US36467W1099,FRA,FRAB,142,65.0000,EUR,-9230.00,EUR,-9950.87,0.9276,-9.95,-17.05,-9967.92,df874207-37b4-4c8f-85f9-7d0fabb93f03
22-01-2021,11:07,GAMESTOP CORP. A,US36467W1099,FRA,FRAB,85,37.4500,EUR,-3183.25,EUR,-3428.68,0.9284,-3.43,-11.18,-3439.86,29010502-1057-417c-825e-be22b92c1a00
22-01-2021,08:07,GRANDE WEST TRANSPORT.GRP,CA38656C1005,FRA,FRAB,1700,2.9000,EUR,-4930.00,EUR,-5309.12,0.9286,-5.31,-12.86,-5321.98,e418b063-b4a7-4f73-b19f-1d681d780a28
18-01-2021,14:29,GAMESTOP CORP. A,US36467W1099,FRA,FRAB,50,33.4900,EUR,-1674.50,EUR,-1800.76,0.9299,-1.80,-9.69,-1810.45,16f92d32-74a5-4ec3-9515-571481aae0d4
18-01-2021,09:00,SAP SE,DE0007164600,XET,XETA,-15,103.0600,EUR,1545.90,EUR,1663.85,0.9291,-1.66,-5.14,1658.71,f9cbe6b8-92d3-4a80-ae24-2a7a8b0e8ada
15-01-2021,16:54,CHURCHILL CAPITAL CORP IV CLASS A COMMON STOCK,US1714391026,NSY,SOHO,40,17.7000,USD,-708.00,USD,-630.00,1.1238,-0.63,-0.68,-630.68,410d6372-017b-4da3-8eb5-d5c14be76976
15-01-2021,09:03,ROCK TECH LITHIUM,CA77273P2017,FRA,FRAB,-220,3.1200,EUR,686.40,EUR,739.87,0.9277,-0.74,-8.76,731.11,e377ad9e-396f-4682-90d6-53df92b2913e
14-01-2021,17:50,CHURCHILL CAPITAL CORP IV CLASS A COMMON STOCK,US1714391026,NSY,CDED,125,17.3200,USD,-2165.00,USD,-1920.60,1.1273,-1.92,-0.99,-1921.59,18bcfe40-86fe-4736-8c1f-64a603d7d593
14-01-2021,17:49,AMERICAN SUPERCONDUCTOR CORP,US0301112076,NDQ,SOHO,-87,23.8997,USD,2079.27,USD,1844.49,1.1273,-1.84,-0.85,1843.64,90a221d2-478e-4e88-bb27-06cb879d344b
13-01-2021,21:33,CHURCHILL CAPITAL CORP IV CLASS A COMMON STOCK,US1714391026,NSY,CDED,30,16.4500,USD,-493.50,USD,-438.13,1.1264,-0.44,-0.65,-438.78,d39a1eb5-ec8d-4334-9ff3-d6b69da6b055
13-01-2021,21:32,CHURCHILL CAPITAL CORP IV CLASS A COMMON STOCK,US1714391026,NSY,CDED,25,16.5700,USD,-414.25,USD,-367.77,1.1264,-0.37,-0.63,-368.40,50c74477-e83b-4a76-921c-ca74e658bcb3
13-01-2021,21:31,CHURCHILL CAPITAL CORP IV CLASS A COMMON STOCK,US1714391026,NSY,"CDED, MSPL",125,16.6300,USD,-2078.75,USD,-1845.54,1.1264,-1.85,-0.99,-1846.53,19202272-cc37-4285-ba3c-1a7c40038df1
12-01-2021,18:08,ROCK TECH LITHIUM,CA77273P2017,FRA,FRAB,110,3.1700,EUR,-348.70,EUR,-377.34,0.9241,0.00,-8.45,-385.79,2e11068f-8cb3-4a8b-b1ca-6858ab83a14f
12-01-2021,18:04,CALL 17.09.21 DRAEGERW. 85,DE000SD1TLW3,FRA,FRAB,-1500,0.3300,EUR,495.00,EUR,535.66,0.9241,0.00,-2.75,532.91,f48e1ca8-e282-43e1-a75e-a33fe3edc830
12-01-2021,18:03,ROCK TECH LITHIUM,CA77273P2017,FRA,FRAB,110,3.0800,EUR,-338.80,EUR,-366.63,0.9241,0.00,-8.44,-375.07,8302ba80-0da5-4831-aff7-65d94b2f423c
12-01-2021,17:28,ADR ON MATERIALISE NV,US57667T1007,NDQ,XNAS,35,65.9400,USD,-2307.90,USD,-2053.24,1.1240,-2.05,-0.66,-2053.90,dbaae00e-ef37-4d2f-9170-99669c921317
12-01-2021,17:24,CALL 17.09.21 DRAEGERW. 85,DE000SD1TLW3,FRA,FRAB,1500,0.3500,EUR,-525.00,EUR,-568.12,0.9241,0.00,-2.79,-570.91,338992ee-7fa3-4558-9fd0-92c85dce35a7
12-01-2021,17:18,TELADOC HEALTH INC,US87918A1051,NSY,CDED,3,228.4400,USD,-685.32,USD,-609.75,1.1239,-0.61,-0.55,-610.30,8e4bd98c-37ca-458b-bede-1aa249145493
12-01-2021,17:17,FRAPORT FRANKFURT AIRPORT SERVICES WORLDWIDE AG,DE0005773303,XET,XETA,-10,45.5600,EUR,455.60,EUR,493.02,0.9241,0.00,-4.58,488.44,dfa4b6c2-f1fb-4af1-981e-5445d4e6593f
12-01-2021,17:13,CITRIX SYSTEMS INC. -,US1773761002,NDQ,CDED,-18,131.4200,USD,2365.56,USD,2104.32,1.1241,-2.10,-0.60,2103.72,76ca7e96-f6de-4666-b07d-027adc3b6c98
12-01-2021,11:15,"TURBOL O.END PLATIN 1025,29",DE000NG35TT1,FRA,FRAB,320,0.8000,EUR,-256.00,EUR,-277.03,0.9241,0.00,-2.47,-279.49,2f8b71ba-a249-401d-a401-b4379a15c2aa
05-01-2021,15:52,AMERICAN SUPERCONDUCTOR CORP,US0301112076,NDQ,XNAS,70,25.0000,USD,-1750.00,USD,-1540.04,1.1363,-1.54,-0.25,-1540.28,9924462c-a498-41fb-b923-c245a3111892
05-01-2021,15:51,AMERICAN SUPERCONDUCTOR CORP,US0301112076,NDQ,XNAS,17,25.0000,USD,-425.00,USD,-373.95,1.1365,-0.37,-0.60,-374.55,9924462c-a498-41fb-b923-c245a3111892
05-01-2021,12:47,FAKTL O.END TUI,DE000SB3UA48,FRA,FRAB,-500,3.3300,EUR,1665.00,EUR,1799.53,0.9252,-1.80,-4.14,1795.39,dba9e8d1-d341-46b5-b12b-2d97fd9daa58
04-01-2021,09:05,VANGUARD FTSE ALL-WORLD UCITS ETF USD DIS,IE00B3RBWM25,EAM,XAMS,18,87.3400,EUR,-1572.12,EUR,-1701.19,0.9241,-1.70,,-1701.19,37a2fba7-131c-4fc3-ad97-0ca1911402f1
04-01-2021,09:04,AMUNDI NASDAQ-100 SWAP UCITS ETF EUR ACC,LU1681038243,XET,XETA,6,117.5600,EUR,-705.36,EUR,-763.41,0.9240,-0.76,-2.40,-765.81,554e5fa9-8f2f-44b9-a96a-dd8929ee79b2
23-12-2020,15:33,BLOCK INC CLASS A,US8522341036,NSY,XNYS,12,240.0000,USD,-2880.00,USD,-2560.06,1.1250,-2.56,,-2560.06,0cbf74cc-261c-4562-b417-d81357df0647
22-12-2020,18:30,LULULEMON ATHLETICA INC,US5500211090,NDQ,CDED,-3,360.7500,USD,1082.25,USD,961.81,1.1252,-0.96,-0.55,961.26,c94d9bc3-63bd-400c-90b1-60163b86cbd2
22-12-2020,18:30,PACIFIC BIOSCIENCES OF CALIFORNIA INC,US69404D1081,NDQ,CDED,44,25.2100,USD,-1109.24,USD,-985.88,1.1251,-0.99,-0.70,-986.58,59f27a91-2266-4f35-ad94-4c8243f0d5c7
22-12-2020,13:54,CALL 21.01.22 APPLE 225,DE000GF893X8,FRA,FRAB,177,0.2600,EUR,-46.02,EUR,-49.91,0.9221,-0.05,-2.22,-52.13,a712155c-b27f-4e97-be2a-51aae84278f6
21-12-2020,21:57,INVITAE CORPORATION CO,US46185L1035,NSY,SOHO,40,49.9700,USD,-1998.80,USD,-1769.89,1.1293,-1.77,-0.68,-1770.57,0c6242ec-b03a-4227-a92e-8465a7bcef49
14-12-2020,19:44,CALL 17.12.21 ABBVIE 90,DE000SR78KW0,FRA,FRAB,-1000,1.5000,EUR,1500.00,EUR,1615.95,0.9282,-1.62,-3.94,1612.01,0edbaef1-5d0a-4c81-a8c1-57be2456d382
14-12-2020,09:40,FAKTL O.END TUI,DE000SB3UA48,FRA,FRAB,500,1.3100,EUR,-655.00,EUR,-706.03,0.9277,-0.71,-2.94,-708.97,dc1bc0fc-e584-4035-a44d-e5636e25b7cf
10-12-2020,15:30,QUANTUMSCAPE CORP,US74767V1098,NSY,CDED,-30,68.5165,USD,2055.50,USD,1824.84,1.1264,-1.82,-0.65,1824.19,cccbaa15-7af9-4474-aa40-3abe9ade53f7
02-12-2020,15:35,UPWORK INC,US91688F1049,NDQ,CDED,-40,30.4200,USD,1216.80,USD,1090.98,1.1153,-1.09,-0.68,1090.30,93b5ebc4-7d60-4fc7-80c3-bd8bb6769875
01-12-2020,10:51,ASML HOLDING NV,NL0010273215,EAM,MSSI,6,367.9000,EUR,-2207.40,EUR,-2396.36,0.9211,-2.40,-5.55,-2401.91,60f83101-64c2-45ad-8b47-bbd45a5ac431
30-11-2020,15:30,QUANTUMSCAPE CORP,US74767V1098,NSY,XNYS,30,48.9900,USD,-1469.70,USD,-1327.96,1.1067,-1.33,-0.65,-1328.61,058dbad3-66d1-4f15-9fd7-bef7532e795d
30-11-2020,09:05,ISHARES DEVELOPED MARKETS PROPERTY YIELD UCITS ETF USD DIST,IE00B1FZS350,EAM,XAMS,-2,20.1100,EUR,40.22,EUR,43.46,0.9254,-0.04,,43.46,57436180-5861-478f-bfd5-b503508d8ffc
30-11-2020,09:05,AMUNDI MSCI EM MKTS SWAP UCITS ETF EUR ACC,LU1681045370,EPA,XPAR,-9,4.6106,EUR,41.50,EUR,44.84,0.9254,-0.04,,44.84,7c433987-679c-42b3-9118-a61c6bdd8616
25-11-2020,19:08,OE PART.Z17(18/UNL.) BITCOIN,DE000VL3TBC7,FRA,FRAB,4,1528.0000,EUR,-6112.00,EUR,-6613.80,0.9241,-6.61,-9.45,-6623.25,c55d7e40-ccad-4ebd-b226-cc642fee343a
17-11-2020,21:35,CALL 17.12.21 ABBVIE 90,DE000SR78KW0,FRA,FRAB,1000,1.2000,EUR,-1200.00,EUR,-1296.60,0.9255,-1.30,-3.59,-1300.19,2f4e043d-8428-488a-8828-703a27bce55e
17-11-2020,14:50,TURBOC O.END CUREVAC,DE000TT3EWX7,FRA,FRAB,-100,2.9500,EUR,295.00,EUR,318.84,0.9252,-0.32,-2.51,316.33,43cdc3ca-113f-4674-92da-4bb4bb591239
16-11-2020,15:54,TURBOC 17.03.21 S&P500 3450,DE000TT32K97,FRA,FRAB,-300,1.3500,EUR,405.00,EUR,437.44,0.9258,-0.44,-2.64,434.80,eb5a632b-da9b-4544-acdb-cad05365a7fe
16-11-2020,15:28,TURBOC 17.03.21 S&P500 3450,DE000TT32K97,FRA,FRAB,300,1.4700,EUR,-441.00,EUR,-476.63,0.9252,-0.48,-2.68,-479.31,df9dc20f-9c46-4093-bf7b-c80b504ed984
16-11-2020,11:06,TURBOC O.END CUREVAC,DE000TT3EWX7,FRA,FRAB,90,3.8100,EUR,-342.90,EUR,-370.02,0.9267,-0.37,-2.57,-372.59,cc265dd1-27ea-42a4-bf11-1a6ad6e8aff5
16-11-2020,11:06,TURBOC O.END CUREVAC,DE000TT3EWX7,FRA,FRAB,10,3.8100,EUR,-38.10,EUR,-41.12,0.9266,-0.04,-2.21,-43.33,4ab72b46-7300-4a89-88cf-8fd749f6df54
09-11-2020,09:27,FAKT.1XLONGZ.19(19/UNL.)VIX,DE000CU0AF51,FRA,FRAB,-390,2.0600,EUR,803.40,EUR,858.43,0.9359,-0.86,-3.09,855.34,9694a007-14ba-489c-8b14-017957b21b61
09-11-2020,09:26,AMUNDI NASDAQ-100 SWAP UCITS ETF EUR ACC,LU1681038243,XET,XETA,22,115.4400,EUR,-2539.68,EUR,-2713.90,0.9358,-2.71,-2.95,-2716.85,3cd99017-105e-4a37-9c8c-c54b33d9415d
09-11-2020,09:24,VANGUARD FTSE ALL-WORLD UCITS ETF USD DIS,IE00B3RBWM25,EAM,XAMS,120,83.2900,EUR,-9994.80,EUR,-10681.45,0.9357,-10.68,,-10681.45,92e04b76-60a1-4639-a442-a1c4b10b60e6
04-11-2020,09:05,VANGUARD FTSE ALL-WORLD UCITS ETF USD DIS,IE00B3RBWM25,EAM,XAMS,20,79.8800,EUR,-1597.60,EUR,-1704.96,0.9370,-1.70,,-1704.96,533e187e-d079-4da9-b0b2-1d3e85adfc47
04-11-2020,09:04,AMUNDI NASDAQ-100 SWAP UCITS ETF EUR ACC,LU1681038243,XET,XETA,6,108.9800,EUR,-653.88,EUR,-698.08,0.9367,-0.70,-2.35,-700.43,f06b8091-b421-4531-9847-26dd380cb651
28-10-2020,15:24,VANGUARD FTSE ALL-WORLD UCITS ETF USD DIS,IE00B3RBWM25,EAM,XAMS,-180,77.9700,EUR,14034.60,EUR,14994.12,0.9360,-14.99,-6.64,14987.48,c7ed5f03-ad5c-42da-bd91-548ce992463c
26-10-2020,14:13,SAP SE,DE0007164600,XET,XETA,15,99.8400,EUR,-1497.60,EUR,-1605.13,0.9330,-1.61,-5.09,-1610.22,342ec73d-e904-4c3f-8d1d-f7eeaa48f583
23-10-2020,10:30,CALL 16.10.20 NVIDIA 500,DE000VP5ZL26,FRA,,-13,4.4700,EUR,58.11,EUR,62.30,0.9328,0.00,,62.30,
01-10-2020,12:34,AMUNDI NASDAQ-100 SWAP UCITS ETF EUR ACC,LU1681038243,XET,XETA,6,109.6400,EUR,-657.84,EUR,-709.35,0.9274,-0.71,-2.37,-711.72,f40f764e-9dfe-4edf-91e8-8a64e852402b
01-10-2020,11:30,VANGUARD FTSE ALL-WORLD UCITS ETF USD DIS,IE00B3RBWM25,EAM,XAMS,20,80.0000,EUR,-1600.00,EUR,-1724.36,0.9279,-1.72,,-1724.36,1426453f-2669-48c5-82e1-8484be1de936
25-09-2020,11:36,CALL 18.09.20 NVIDIA 520,DE000VP6TUS2,FRA,,-100,0.0010,EUR,0.10,EUR,0.11,0.9292,0.00,,0.11,
09-09-2020,16:07,CALL 16.10.20 NVIDIA 500,DE000VP5ZL26,FRA,FRAB,13,3.2100,EUR,-41.73,EUR,-45.08,0.9258,-0.05,-2.21,-47.29,81d95864-4238-431b-9c27-a98ea1a355b5
09-09-2020,15:32,CALL 18.09.20 NVIDIA 520,DE000VP6TUS2,FRA,FRAB,50,0.9800,EUR,-49.00,EUR,-52.98,0.9248,-0.05,-2.22,-55.20,e7bc3376-5e5b-4c26-81ad-06fa96d4f162
04-09-2020,16:51,VANGUARD FTSE ALL-WORLD UCITS ETF USD DIS,IE00B3RBWM25,EAM,XAMS,20,79.2200,EUR,-1584.40,EUR,-1711.95,0.9255,-1.71,,-1711.95,74b35b7d-24cb-42e0-b05b-cfccc36ea3af
04-09-2020,09:52,CALL 18.09.20 NVIDIA 520,DE000VP6TUS2,FRA,FRAB,15,2.3400,EUR,-35.10,EUR,-37.85,0.9274,-0.04,-2.20,-40.05,4ba48a3e-cdd1-4ed0-aaf5-fee1bc511a5e
04-09-2020,08:05,CALL 18.09.20 NVIDIA 520,DE000VP6TUS2,FRA,FRAB,15,1.6000,EUR,-24.00,EUR,-25.87,0.9278,-0.03,-2.19,-28.06,1d3214f9-2663-45a0-9c21-2b80e312d602
03-09-2020,21:53,CALL 18.09.20 NVIDIA 520,DE000VP6TUS2,FRA,FRAB,20,2.4200,EUR,-48.40,EUR,-52.16,0.9279,-0.05,-2.22,-54.38,b897d5b8-6ef8-4b09-8810-8f6921cfbf83
03-09-2020,12:33,HELLOFRESH SE,DE000A161408,XET,XETA,-10,39.9400,EUR,399.40,EUR,430.07,0.9287,-0.43,-4.53,425.54,b46030f8-97f3-4955-bad6-a5af385f63da
02-09-2020,09:05,VANGUARD FTSE ALL-WORLD UCITS ETF USD DIS,IE00B3RBWM25,EAM,XAMS,20,82.0000,EUR,-1640.00,EUR,-1778.28,0.9222,-1.78,,-1778.28,5d373b0e-2eaf-4bb9-b079-ed555a3302aa
02-09-2020,09:04,AMUNDI NASDAQ-100 SWAP UCITS ETF EUR ACC,LU1681038243,XET,XETA,6,115.8600,EUR,-695.16,EUR,-753.69,0.9223,-0.75,-2.40,-756.09,8ad7fd13-169b-46cf-854c-23f385361c0b
25-08-2020,13:04,FAKT.1XLONGZ.19(19/UNL.)VIX,DE000CU0AF51,FRA,FRAB,390,2.5800,EUR,-1006.20,EUR,-1082.07,0.9299,-1.08,-3.34,-1085.41,2c0d6160-252a-4ebe-8815-fb5a800bf412
21-08-2020,15:30,UPWORK INC,US91688F1049,NDQ,,40,15.3100,USD,-612.40,USD,-558.69,1.0961,-0.56,-0.69,-559.38,983b0408-1468-4292-b3ad-30f9481499b0
18-08-2020,15:32,LULULEMON ATHLETICA INC,US5500211090,NDQ,,3,355.0000,USD,-1065.00,USD,-960.22,1.1091,-0.96,-0.55,-960.77,1fcf1bab-bd8f-4c0d-992b-c9d8e4bac66e
13-08-2020,11:34,"MOWI ASA           NK 7,5",NO0003054108,FRA,XFRA,134,17.3700,EUR,-2327.58,EUR,-2504.71,0.9293,-2.50,-10.34,-2515.05,4357e567-05d6-4366-a13b-10b9574298fb
24-07-2020,15:36,BLOOM ENERGY CORP CLASS A ORD SHS,US0937121079,NSY,,-47,16.2000,USD,761.40,USD,703.85,1.0818,-0.70,-0.71,703.14,3973ea8f-ed98-4de3-9960-67a939c5cbbe
24-07-2020,15:30,GOODFOOD MARKET CORP,CA38217M1005,TOR,,-117,6.9513,CAD,813.30,CAD,559.78,1.4529,-0.56,-2.96,556.82,d02d9efa-2a09-43cc-9a35-9050a264ffba
24-07-2020,09:47,CARBIOS SA,FR0011648716,EPA,ALXP,-15,24.6000,EUR,369.00,EUR,396.27,0.9312,-0.40,-4.50,391.77,d9556d19-877f-42d7-ba40-b17cbb2a301c
20-07-2020,15:30,CITRIX SYSTEMS INC. -,US1773761002,NDQ,,18,159.4400,USD,-2869.92,USD,-2695.11,1.0649,-2.70,-0.61,-2695.72,1b05d8e1-603b-4b5e-ac73-3a1dcb512e59
15-07-2020,16:03,ADR ON BIONTECH SE,US09075V1026,NDQ,,-15,81.8900,USD,1228.35,USD,1157.51,1.0612,-1.16,-0.60,1156.91,ce596720-cd3b-4d46-9422-b594637a5543
15-07-2020,15:14,MCPHY ENERGY SA,FR0011742329,EPA,XPAR,-20,25.1500,EUR,503.00,EUR,541.93,0.9282,-0.54,-4.58,537.35,2da98604-ffb7-404a-8d6a-ecd265e86eb2
09-07-2020,15:38,GOODFOOD MARKET CORP,CA38217M1005,TOR,,17,6.1000,CAD,-103.70,CAD,-72.03,1.4398,-0.07,-0.12,-72.15,e9cd5443-a7ea-4d9c-a824-3c767c1db6cc
09-07-2020,15:31,GOODFOOD MARKET CORP,CA38217M1005,TOR,,100,6.1000,CAD,-610.00,CAD,-423.54,1.4402,-0.42,-2.83,-426.37,e9cd5443-a7ea-4d9c-a824-3c767c1db6cc
09-07-2020,14:11,CARBIOS SA,FR0011648716,EPA,ALXP,15,29.7500,EUR,-446.25,EUR,-474.54,0.9404,-0.47,-4.50,-479.04,5e6e77d1-da89-4a10-b341-f773e7eefe1f
09-07-2020,14:10,MCPHY ENERGY SA,FR0011742329,EPA,XPAR,20,20.8000,EUR,-416.00,EUR,-442.42,0.9403,-0.44,-4.48,-446.90,73aaef6e-bce9-446e-b42c-1efe310108b0
09-07-2020,11:18,HELLOFRESH SE,DE000A161408,XET,XETU,10,52.1000,EUR,-521.00,EUR,-553.72,0.9409,-0.55,-4.54,-558.26,43a1e39b-6cdb-45fe-b37d-b2853a7918e7
02-07-2020,21:47,INTELLIA THERAPEUTICS INC,US45826J1051,NDQ,,23,22.4000,USD,-515.20,USD,-487.19,1.0575,-0.49,-0.62,-487.81,6b3ec7c3-6874-4134-a80e-8f4818bc13d9
02-07-2020,20:42,CRISPR THERAPEUTICS AG,CH0334081137,NDQ,,15,80.1300,USD,-1201.95,USD,-1137.10,1.0570,-1.14,-0.59,-1137.69,1f4db174-2354-4cdc-a7b3-0f1d9d92807c
01-07-2020,21:53,ADR ON BIONTECH SE,US09075V1026,NDQ,,15,63.7550,USD,-956.32,USD,-904.33,1.0575,-0.90,-0.59,-904.92,178333b1-44d4-4995-af60-f0592cab6ed7
01-07-2020,15:30,BLOOM ENERGY CORP CLASS A ORD SHS,US0937121079,NSY,,47,10.0500,USD,-472.35,USD,-447.65,1.0552,-0.45,-0.71,-448.36,a2132427-466e-4196-833a-28b95f65cc75
18-06-2020,16:44,AIRBUS SE,NL0000235190,XET,XETU,15,67.8800,EUR,-1018.20,EUR,-1086.83,0.9369,-1.09,-4.81,-1091.64,2e98d608-3606-44d0-9bed-8c5bceeff03a
18-06-2020,16:42,AMUNDI NASDAQ-100 SWAP UCITS ETF EUR ACC,LU1681038243,XET,XETU,14,98.8500,EUR,-1383.90,EUR,-1476.90,0.9370,-1.48,-2.58,-1479.48,d2b9be17-6b69-4b95-94e3-7fa6081c9fdf
18-06-2020,16:40,VANGUARD FTSE ALL-WORLD UCITS ETF USD DIS,IE00B3RBWM25,EAM,XAMS,60,77.5000,EUR,-4650.00,EUR,-4963.88,0.9368,-4.96,,-4963.88,2aa8a506-3d81-4cc1-9cf6-72304b1e37fc
03-06-2020,09:45,AIRBUS SE,NL0000235190,XET,XETU,70,65.6086,EUR,-4592.60,EUR,-4956.43,0.9266,-4.96,-6.80,-4963.23,21e9cc97-5748-4726-9123-aa4e4d9315c8
27-05-2020,09:34,AMUNDI NASDAQ-100 SWAP UCITS ETF EUR ACC,LU1681038243,XET,XETU,50,96.0600,EUR,-4803.00,EUR,-5098.39,0.9421,-5.10,-3.66,-5102.05,f83eea6b-54d9-4736-99af-f646f5996035
27-04-2020,12:42,VANGUARD FTSE ALL-WORLD UCITS ETF USD DIS,IE00B3RBWM25,EAM,XAMS,65,72.7500,EUR,-4728.75,EUR,-4992.62,0.9471,-4.99,,-4992.62,4523d67d-f95a-4d2d-b532-cb7f85f43e4e
09-04-2020,10:29,VANGUARD FTSE ALL-WORLD UCITS ETF USD DIS,IE00B3RBWM25,EAM,XAMS,68,70.5000,EUR,-4794.00,EUR,-5060.07,0.9474,-5.06,,-5060.07,1f656413-c09f-4149-9833-aec2cd649491
07-04-2020,09:32,VANGUARD FTSE ALL-WORLD UCITS ETF USD DIS,IE00B3RBWM25,EAM,XAMS,68,69.3000,EUR,-4712.40,EUR,-4985.25,0.9453,-4.99,,-4985.25,285eb931-46f5-48a6-ad80-da7bd20a9c1a
26-03-2020,11:39,FRAPORT FRANKFURT AIRPORT SERVICES WORLDWIDE AG,DE0005773303,XET,XETU,10,38.0500,EUR,-380.50,EUR,-404.55,0.9406,-0.40,-4.46,-409.01,85fd8185-35d9-49bd-b3d8-59fe01901983
16-03-2020,13:41,VANGUARD FTSE ALL-WORLD UCITS ETF USD DIS,IE00B3RBWM25,EAM,XAMS,78,60.0000,EUR,-4680.00,EUR,-4935.06,0.9483,-4.94,,-4935.06,7fbc0a83-be75-449a-b21d-4f54acd3a886
12-03-2020,10:12,VANGUARD FTSE ALL-WORLD UCITS ETF USD DIS,IE00B3RBWM25,EAM,XAMS,65,65.6000,EUR,-4264.00,EUR,-4498.10,0.9480,-4.50,,-4498.10,9dc78aef-0729-41d3-9a7e-c9741ce13391
